device_id,UTC_datetime,UTC_date,UTC_time,datatype,satcount,U_bat_mV,bat_soc_pct,solar_I_mA,hdop,Latitude,Longitude,Altitude_m,speed_km_h,direction_deg,temperature_C,mag_x,mag_y,mag_z,acc_x,acc_y,acc_z,
192040,2020-05-15 00:24:49,2020-05-15,00:24:49,GPS,0,3785,31,0,0.0,0.000000000000000,0.000000000000000,0,0,0,31,747,-650,-771,103,-442,1077,
192040,2020-05-15 00:24:49,2020-05-15,00:24:49,SENSORS,,,,,,,,,,,,,,,63,-436,968,
192040,2020-05-15 00:29:49,2020-05-15,00:29:49,SENSORS,,,,,,,,,,,,,,,815,-804,-804,
192040,2020-05-15 00:34:49,2020-05-15,00:34:49,SENSORS,,,,,,,,,,,,,,,815,-804,-804,
192040,2020-05-15 00:39:49,2020-05-15,00:39:49,SENSORS,,,,,,,,,,,,,,,815,-804,-804,
192040,2020-05-15 00:44:49,2020-05-15,00:44:49,SENSORS,,,,,,,,,,,,,,,815,-804,-804,
192040,2020-05-15 00:49:49,2020-05-15,00:49:49,SENSORS,,,,,,,,,,,,,,,815,-804,-804,
192040,2020-05-15 00:54:49,2020-05-15,00:54:49,SENSORS,,,,,,,,,,,,,,,815,-804,-804,
192040,2020-05-15 00:59:49,2020-05-15,00:59:49,SENSORS,,,,,,,,,,,,,,,815,-804,-804,
192040,2020-05-15 01:04:49,2020-05-15,01:04:49,SENSORS,,,,,,,,,,,,,,,815,-804,-804,
192040,2020-05-15 01:09:49,2020-05-15,01:09:49,SENSORS,,,,,,,,,,,,,,,815,-804,-804,
192040,2020-05-15 01:14:49,2020-05-15,01:14:49,SENSORS,,,,,,,,,,,,,,,815,-804,-804,
192040,2020-05-15 01:19:49,2020-05-15,01:19:49,SENSORS,,,,,,,,,,,,,,,815,-804,-804,
192040,2020-05-15 01:24:49,2020-05-15,01:24:49,SENSORS,,,,,,,,,,,,,,,815,-804,-804,
192040,2020-05-15 01:29:49,2020-05-15,01:29:49,SENSORS,,,,,,,,,,,,,,,815,-804,-804,
192040,2020-05-15 01:34:49,2020-05-15,01:34:49,SENSORS,,,,,,,,,,,,,,,815,-804,-804,
192040,2020-05-15 01:39:49,2020-05-15,01:39:49,SENSORS,,,,,,,,,,,,,,,815,-804,-804,
192040,2020-05-15 01:44:49,2020-05-15,01:44:49,SENSORS,,,,,,,,,,,,,,,815,-804,-804,
192040,2020-05-15 01:49:49,2020-05-15,01:49:49,SENSORS,,,,,,,,,,,,,,,815,-804,-804,
192040,2020-05-15 01:54:49,2020-05-15,01:54:49,SENSORS,,,,,,,,,,,,,,,815,-804,-804,
192040,2020-05-15 01:59:49,2020-05-15,01:59:49,SENSORS,,,,,,,,,,,,,,,815,-804,-804,
192040,2020-05-15 02:04:49,2020-05-15,02:04:49,SENSORS,,,,,,,,,,,,,,,815,-804,-804,
192040,2020-05-15 02:09:49,2020-05-15,02:09:49,SENSORS,,,,,,,,,,,,,,,815,-804,-804,
192040,2020-05-15 02:14:49,2020-05-15,02:14:49,SENSORS,,,,,,,,,,,,,,,815,-804,-804,
192040,2020-05-15 02:19:49,2020-05-15,02:19:49,SENSORS,,,,,,,,,,,,,,,815,-804,-804,
192040,2020-05-15 02:24:49,2020-05-15,02:24:49,SENSORS,,,,,,,,,,,,,,,815,-804,-804,
192040,2020-05-15 02:29:49,2020-05-15,02:29:49,SENSORS,,,,,,,,,,,,,,,815,-804,-804,
192040,2020-05-15 02:34:49,2020-05-15,02:34:49,SENSORS,,,,,,,,,,,,,,,815,-804,-804,
192040,2020-05-15 02:39:49,2020-05-15,02:39:49,SENSORS,,,,,,,,,,,,,,,815,-804,-804,
192040,2020-05-15 02:44:49,2020-05-15,02:44:49,SENSORS,,,,,,,,,,,,,,,815,-804,-804,
192040,2020-05-15 02:49:49,2020-05-15,02:49:49,SENSORS,,,,,,,,,,,,,,,815,-804,-804,
192040,2020-05-15 02:54:49,2020-05-15,02:54:49,SENSORS,,,,,,,,,,,,,,,815,-804,-804,
192040,2020-05-15 02:59:49,2020-05-15,02:59:49,SENSORS,,,,,,,,,,,,,,,815,-804,-804,
192040,2020-05-15 03:04:49,2020-05-15,03:04:49,SENSORS,,,,,,,,,,,,,,,815,-804,-804,
192040,2020-05-15 03:09:49,2020-05-15,03:09:49,SENSORS,,,,,,,,,,,,,,,815,-804,-804,
192040,2020-05-15 03:14:49,2020-05-15,03:14:49,SENSORS,,,,,,,,,,,,,,,815,-804,-804,
192040,2020-05-15 03:19:49,2020-05-15,03:19:49,SENSORS,,,,,,,,,,,,,,,815,-804,-804,
192040,2020-05-15 03:24:49,2020-05-15,03:24:49,SENSORS,,,,,,,,,,,,,,,815,-804,-804,
192040,2020-05-15 03:29:49,2020-05-15,03:29:49,SENSORS,,,,,,,,,,,,,,,815,-804,-804,
192040,2020-05-15 03:34:49,2020-05-15,03:34:49,SENSORS,,,,,,,,,,,,,,,815,-804,-804,
192040,2020-05-15 03:39:49,2020-05-15,03:39:49,SENSORS,,,,,,,,,,,,,,,815,-804,-804,
192040,2020-05-15 03:44:49,2020-05-15,03:44:49,SENSORS,,,,,,,,,,,,,,,815,-804,-804,
192040,2020-05-15 03:49:49,2020-05-15,03:49:49,SENSORS,,,,,,,,,,,,,,,815,-804,-804,
192040,2020-05-15 03:54:49,2020-05-15,03:54:49,SENSORS,,,,,,,,,,,,,,,815,-804,-804,
192040,2020-05-15 03:59:49,2020-05-15,03:59:49,SENSORS,,,,,,,,,,,,,,,815,-804,-804,
192040,2020-05-15 04:04:49,2020-05-15,04:04:49,SENSORS,,,,,,,,,,,,,,,815,-804,-804,
192040,2020-05-15 04:09:49,2020-05-15,04:09:49,SENSORS,,,,,,,,,,,,,,,815,-804,-804,
192040,2020-05-15 04:14:49,2020-05-15,04:14:49,SENSORS,,,,,,,,,,,,,,,815,-804,-804,
192040,2020-05-15 04:19:49,2020-05-15,04:19:49,SENSORS,,,,,,,,,,,,,,,815,-804,-804,
192040,2020-05-15 04:24:49,2020-05-15,04:24:49,SENSORS,,,,,,,,,,,,,,,815,-804,-804,
192040,2020-05-15 04:29:49,2020-05-15,04:29:49,SENSORS,,,,,,,,,,,,,,,815,-804,-804,
192040,2020-05-15 04:34:49,2020-05-15,04:34:49,SENSORS,,,,,,,,,,,,,,,815,-804,-804,
192040,2020-05-15 04:39:49,2020-05-15,04:39:49,SENSORS,,,,,,,,,,,,,,,815,-804,-804,
192040,2020-05-15 04:44:49,2020-05-15,04:44:49,SENSORS,,,,,,,,,,,,,,,815,-804,-804,
192040,2020-05-15 04:49:49,2020-05-15,04:49:49,SENSORS,,,,,,,,,,,,,,,815,-804,-804,
192040,2020-05-15 04:54:49,2020-05-15,04:54:49,SENSORS,,,,,,,,,,,,,,,815,-804,-804,
192040,2020-05-15 04:59:49,2020-05-15,04:59:49,SENSORS,,,,,,,,,,,,,,,815,-804,-804,
192040,2020-05-15 05:04:49,2020-05-15,05:04:49,SENSORS,,,,,,,,,,,,,,,815,-804,-804,
192040,2020-05-15 05:09:49,2020-05-15,05:09:49,SENSORS,,,,,,,,,,,,,,,815,-804,-804,
192040,2020-05-15 05:14:49,2020-05-15,05:14:49,SENSORS,,,,,,,,,,,,,,,815,-804,-804,
192040,2020-05-15 05:19:49,2020-05-15,05:19:49,SENSORS,,,,,,,,,,,,,,,815,-804,-804,
192040,2020-05-15 05:24:49,2020-05-15,05:24:49,SENSORS,,,,,,,,,,,,,,,815,-804,-804,
192040,2020-05-15 05:29:49,2020-05-15,05:29:49,SENSORS,,,,,,,,,,,,,,,815,-804,-804,
192040,2020-05-15 05:34:49,2020-05-15,05:34:49,SENSORS,,,,,,,,,,,,,,,815,-804,-804,
192040,2020-05-15 05:39:49,2020-05-15,05:39:49,SENSORS,,,,,,,,,,,,,,,815,-804,-804,
192040,2020-05-15 05:44:49,2020-05-15,05:44:49,SENSORS,,,,,,,,,,,,,,,815,-804,-804,
192040,2020-05-15 05:49:49,2020-05-15,05:49:49,SENSORS,,,,,,,,,,,,,,,815,-804,-804,
192040,2020-05-15 05:54:49,2020-05-15,05:54:49,SENSORS,,,,,,,,,,,,,,,815,-804,-804,
192040,2020-05-15 05:57:14,2020-05-15,05:57:14,GPS,0,3779,30,0,0.0,0.000000000000000,0.000000000000000,0,0,0,36,715,-986,-543,89,-592,858,
192040,2020-05-15 05:59:49,2020-05-15,05:59:49,SENSORS,,,,,,,,,,,,,,,815,-804,-804,
192040,2020-05-15 06:04:49,2020-05-15,06:04:49,SENSORS,,,,,,,,,,,,,,,815,-804,-804,
192040,2020-05-15 06:09:49,2020-05-15,06:09:49,SENSORS,,,,,,,,,,,,,,,815,-804,-804,
192040,2020-05-15 06:14:49,2020-05-15,06:14:49,SENSORS,,,,,,,,,,,,,,,815,-804,-804,
192040,2020-05-15 06:19:49,2020-05-15,06:19:49,SENSORS,,,,,,,,,,,,,,,815,-804,-804,
192040,2020-05-15 06:24:49,2020-05-15,06:24:49,SENSORS,,,,,,,,,,,,,,,815,-804,-804,
192040,2020-05-15 06:29:49,2020-05-15,06:29:49,SENSORS,,,,,,,,,,,,,,,815,-804,-804,
192040,2020-05-15 06:34:49,2020-05-15,06:34:49,SENSORS,,,,,,,,,,,,,,,815,-804,-804,
192040,2020-05-15 06:39:49,2020-05-15,06:39:49,SENSORS,,,,,,,,,,,,,,,815,-804,-804,
192040,2020-05-15 06:44:49,2020-05-15,06:44:49,SENSORS,,,,,,,,,,,,,,,815,-804,-804,
192040,2020-05-15 06:49:49,2020-05-15,06:49:49,SENSORS,,,,,,,,,,,,,,,815,-804,-804,
192040,2020-05-15 06:54:49,2020-05-15,06:54:49,SENSORS,,,,,,,,,,,,,,,815,-804,-804,
192040,2020-05-15 06:57:13,2020-05-15,06:57:13,GPS,6,3779,30,0,2.2,31.810444000000000,35.124786000000000,757,36,30,35,1052,-766,-590,-445,-673,1432,
192040,2020-05-15 07:57:13,2020-05-15,07:57:13,GPS,0,3779,30,0,0.0,0.000000000000000,0.000000000000000,0,0,0,38,644,-1128,-570,261,-337,958,
192040,2020-05-15 08:57:13,2020-05-15,08:57:13,GPS,0,3779,30,0,0.0,0.000000000000000,0.000000000000000,0,0,0,39,673,-1125,-597,116,-337,985,
192040,2020-05-15 09:57:13,2020-05-15,09:57:13,GPS,0,3779,30,0,0.0,0.000000000000000,0.000000000000000,0,0,0,40,910,-787,-534,89,-399,967,
192040,2020-05-15 10:57:13,2020-05-15,10:57:13,GPS,0,3782,31,0,0.0,0.000000000000000,0.000000000000000,0,0,0,43,621,-1391,-547,173,-616,840,
192040,2020-05-15 11:57:05,2020-05-15,11:57:05,GPS,7,3779,30,4,1.7,31.819655999999998,35.111328000000000,824,0,0,40,1081,-1070,-507,18,4,943,
192040,2020-05-15 12:15:44,2020-05-15,12:15:44,SENSORS,,,,,,,,,,,,,,,815,-804,-804,
192040,2020-05-15 12:20:44,2020-05-15,12:20:44,SENSORS,,,,,,,,,,,,,,,815,-804,-804,
192040,2020-05-15 12:25:44,2020-05-15,12:25:44,SENSORS,,,,,,,,,,,,,,,815,-804,-804,
192040,2020-05-15 12:30:44,2020-05-15,12:30:44,SENSORS,,,,,,,,,,,,,,,815,-804,-804,
192040,2020-05-15 12:35:44,2020-05-15,12:35:44,SENSORS,,,,,,,,,,,,,,,815,-804,-804,
192040,2020-05-15 12:40:44,2020-05-15,12:40:44,SENSORS,,,,,,,,,,,,,,,815,-804,-804,
192040,2020-05-15 12:45:44,2020-05-15,12:45:44,SENSORS,,,,,,,,,,,,,,,815,-804,-804,
192040,2020-05-15 12:50:44,2020-05-15,12:50:44,SENSORS,,,,,,,,,,,,,,,815,-804,-804,
192040,2020-05-15 12:57:14,2020-05-15,12:57:14,GPS,0,3776,29,0,0.0,0.000000000000000,0.000000000000000,0,0,0,42,645,-1161,-786,160,-483,914,
192040,2020-05-15 12:57:14,2020-05-15,12:57:14,SENSORS,,,,,,,,,,,,,,,815,-804,-804,
192040,2020-05-15 13:02:14,2020-05-15,13:02:14,SENSORS,,,,,,,,,,,,,,,815,-804,-804,
192040,2020-05-15 13:07:14,2020-05-15,13:07:14,SENSORS,,,,,,,,,,,,,,,815,-804,-804,
192040,2020-05-15 13:12:14,2020-05-15,13:12:14,SENSORS,,,,,,,,,,,,,,,815,-804,-804,
192040,2020-05-15 13:17:14,2020-05-15,13:17:14,SENSORS,,,,,,,,,,,,,,,815,-804,-804,
192040,2020-05-15 13:22:14,2020-05-15,13:22:14,SENSORS,,,,,,,,,,,,,,,815,-804,-804,
192040,2020-05-15 13:27:14,2020-05-15,13:27:14,SENSORS,,,,,,,,,,,,,,,815,-804,-804,
192040,2020-05-15 13:32:14,2020-05-15,13:32:14,SENSORS,,,,,,,,,,,,,,,815,-804,-804,
192040,2020-05-15 13:37:14,2020-05-15,13:37:14,SENSORS,,,,,,,,,,,,,,,815,-804,-804,
192040,2020-05-15 13:42:14,2020-05-15,13:42:14,SENSORS,,,,,,,,,,,,,,,815,-804,-804,
192040,2020-05-15 13:47:14,2020-05-15,13:47:14,SENSORS,,,,,,,,,,,,,,,815,-804,-804,
192040,2020-05-15 13:52:14,2020-05-15,13:52:14,SENSORS,,,,,,,,,,,,,,,815,-804,-804,
192040,2020-05-15 13:57:14,2020-05-15,13:57:14,GPS,0,3776,29,0,0.0,0.000000000000000,0.000000000000000,0,0,0,43,954,-787,-644,-78,-411,959,
192040,2020-05-15 13:57:15,2020-05-15,13:57:15,SENSORS,,,,,,,,,,,,,,,815,-804,-804,
192040,2020-05-15 14:02:15,2020-05-15,14:02:15,SENSORS,,,,,,,,,,,,,,,815,-804,-804,
192040,2020-05-15 14:07:15,2020-05-15,14:07:15,SENSORS,,,,,,,,,,,,,,,815,-804,-804,
192040,2020-05-15 14:12:15,2020-05-15,14:12:15,SENSORS,,,,,,,,,,,,,,,815,-804,-804,
192040,2020-05-15 14:17:15,2020-05-15,14:17:15,SENSORS,,,,,,,,,,,,,,,815,-804,-804,
192040,2020-05-15 14:22:15,2020-05-15,14:22:15,SENSORS,,,,,,,,,,,,,,,815,-804,-804,
192040,2020-05-15 14:27:15,2020-05-15,14:27:15,SENSORS,,,,,,,,,,,,,,,815,-804,-804,
192040,2020-05-15 14:32:15,2020-05-15,14:32:15,SENSORS,,,,,,,,,,,,,,,815,-804,-804,
192040,2020-05-15 14:37:15,2020-05-15,14:37:15,SENSORS,,,,,,,,,,,,,,,815,-804,-804,
192040,2020-05-15 14:43:32,2020-05-15,14:43:32,SENSORS,,,,,,,,,,,,,,,815,-804,-804,
192040,2020-05-15 14:48:32,2020-05-15,14:48:32,SENSORS,,,,,,,,,,,,,,,815,-804,-804,
192040,2020-05-15 14:53:32,2020-05-15,14:53:32,SENSORS,,,,,,,,,,,,,,,815,-804,-804,
192040,2020-05-15 14:57:14,2020-05-15,14:57:14,GPS,0,3765,26,0,0.0,0.000000000000000,0.000000000000000,0,0,0,39,618,-1139,-645,120,-344,984,
192040,2020-05-15 14:58:32,2020-05-15,14:58:32,SENSORS,,,,,,,,,,,,,,,815,-804,-804,
192040,2020-05-15 15:03:32,2020-05-15,15:03:32,SENSORS,,,,,,,,,,,,,,,815,-804,-804,
192040,2020-05-15 15:08:32,2020-05-15,15:08:32,SENSORS,,,,,,,,,,,,,,,815,-804,-804,
192040,2020-05-15 15:13:32,2020-05-15,15:13:32,SENSORS,,,,,,,,,,,,,,,815,-804,-804,
192040,2020-05-15 15:18:32,2020-05-15,15:18:32,SENSORS,,,,,,,,,,,,,,,815,-804,-804,
192040,2020-05-15 15:23:32,2020-05-15,15:23:32,SENSORS,,,,,,,,,,,,,,,815,-804,-804,
192040,2020-05-15 15:28:32,2020-05-15,15:28:32,SENSORS,,,,,,,,,,,,,,,815,-804,-804,
192040,2020-05-15 15:33:32,2020-05-15,15:33:32,SENSORS,,,,,,,,,,,,,,,815,-804,-804,
192040,2020-05-15 15:38:32,2020-05-15,15:38:32,SENSORS,,,,,,,,,,,,,,,815,-804,-804,
192040,2020-05-15 15:43:32,2020-05-15,15:43:32,SENSORS,,,,,,,,,,,,,,,815,-804,-804,
192040,2020-05-15 15:48:32,2020-05-15,15:48:32,SENSORS,,,,,,,,,,,,,,,815,-804,-804,
192040,2020-05-15 15:53:32,2020-05-15,15:53:32,SENSORS,,,,,,,,,,,,,,,815,-804,-804,
192040,2020-05-15 15:58:32,2020-05-15,15:58:32,SENSORS,,,,,,,,,,,,,,,815,-804,-804,
192040,2020-05-15 16:03:32,2020-05-15,16:03:32,SENSORS,,,,,,,,,,,,,,,815,-804,-804,
192040,2020-05-15 16:08:32,2020-05-15,16:08:32,SENSORS,,,,,,,,,,,,,,,815,-804,-804,
192040,2020-05-15 16:13:32,2020-05-15,16:13:32,SENSORS,,,,,,,,,,,,,,,815,-804,-804,
192040,2020-05-15 16:18:32,2020-05-15,16:18:32,SENSORS,,,,,,,,,,,,,,,815,-804,-804,
192040,2020-05-15 16:23:32,2020-05-15,16:23:32,SENSORS,,,,,,,,,,,,,,,815,-804,-804,
192040,2020-05-15 16:28:32,2020-05-15,16:28:32,SENSORS,,,,,,,,,,,,,,,815,-804,-804,
192040,2020-05-15 16:33:32,2020-05-15,16:33:32,SENSORS,,,,,,,,,,,,,,,815,-804,-804,
192040,2020-05-15 16:38:32,2020-05-15,16:38:32,SENSORS,,,,,,,,,,,,,,,815,-804,-804,
192040,2020-05-15 16:43:32,2020-05-15,16:43:32,SENSORS,,,,,,,,,,,,,,,815,-804,-804,
192040,2020-05-15 16:48:32,2020-05-15,16:48:32,SENSORS,,,,,,,,,,,,,,,815,-804,-804,
192040,2020-05-15 16:53:32,2020-05-15,16:53:32,SENSORS,,,,,,,,,,,,,,,815,-804,-804,
192040,2020-05-15 16:58:32,2020-05-15,16:58:32,SENSORS,,,,,,,,,,,,,,,815,-804,-804,
192040,2020-05-15 17:03:32,2020-05-15,17:03:32,SENSORS,,,,,,,,,,,,,,,815,-804,-804,
192040,2020-05-15 17:08:32,2020-05-15,17:08:32,SENSORS,,,,,,,,,,,,,,,815,-804,-804,
192040,2020-05-15 17:13:32,2020-05-15,17:13:32,SENSORS,,,,,,,,,,,,,,,815,-804,-804,
192040,2020-05-15 17:18:32,2020-05-15,17:18:32,SENSORS,,,,,,,,,,,,,,,815,-804,-804,
192040,2020-05-15 17:23:32,2020-05-15,17:23:32,SENSORS,,,,,,,,,,,,,,,815,-804,-804,
192040,2020-05-15 17:28:32,2020-05-15,17:28:32,SENSORS,,,,,,,,,,,,,,,815,-804,-804,
192040,2020-05-15 17:33:32,2020-05-15,17:33:32,SENSORS,,,,,,,,,,,,,,,815,-804,-804,
192040,2020-05-15 17:38:32,2020-05-15,17:38:32,SENSORS,,,,,,,,,,,,,,,815,-804,-804,
192040,2020-05-15 17:43:32,2020-05-15,17:43:32,SENSORS,,,,,,,,,,,,,,,815,-804,-804,
192040,2020-05-15 17:48:32,2020-05-15,17:48:32,SENSORS,,,,,,,,,,,,,,,815,-804,-804,
192040,2020-05-15 17:53:32,2020-05-15,17:53:32,SENSORS,,,,,,,,,,,,,,,815,-804,-804,
192040,2020-05-15 17:58:32,2020-05-15,17:58:32,SENSORS,,,,,,,,,,,,,,,815,-804,-804,
192040,2020-05-15 18:03:32,2020-05-15,18:03:32,SENSORS,,,,,,,,,,,,,,,815,-804,-804,
192040,2020-05-15 18:08:32,2020-05-15,18:08:32,SENSORS,,,,,,,,,,,,,,,815,-804,-804,
192040,2020-05-15 18:13:32,2020-05-15,18:13:32,SENSORS,,,,,,,,,,,,,,,815,-804,-804,
192040,2020-05-15 18:18:32,2020-05-15,18:18:32,SENSORS,,,,,,,,,,,,,,,815,-804,-804,
192040,2020-05-15 18:24:52,2020-05-15,18:24:52,GPS,0,3728,15,0,0.0,0.000000000000000,0.000000000000000,0,0,0,33,555,-1081,-641,252,-210,987,
192040,2020-05-16 00:24:52,2020-05-16,00:24:52,GPS,0,3720,13,0,0.0,0.000000000000000,0.000000000000000,0,0,0,32,1005,-1023,-797,247,-357,949,
192040,2020-05-16 00:24:52,2020-05-16,00:24:52,SENSORS,,,,,,,,,,,,,,,815,-804,-804,
192040,2020-05-16 00:29:52,2020-05-16,00:29:52,SENSORS,,,,,,,,,,,,,,,815,-804,-804,
192040,2020-05-16 00:34:52,2020-05-16,00:34:52,SENSORS,,,,,,,,,,,,,,,815,-804,-804,
192040,2020-05-16 00:39:52,2020-05-16,00:39:52,SENSORS,,,,,,,,,,,,,,,815,-804,-804,
192040,2020-05-16 00:44:52,2020-05-16,00:44:52,SENSORS,,,,,,,,,,,,,,,815,-804,-804,
192040,2020-05-16 00:49:52,2020-05-16,00:49:52,SENSORS,,,,,,,,,,,,,,,815,-804,-804,
192040,2020-05-16 00:54:52,2020-05-16,00:54:52,SENSORS,,,,,,,,,,,,,,,815,-804,-804,
192040,2020-05-16 00:59:52,2020-05-16,00:59:52,SENSORS,,,,,,,,,,,,,,,815,-804,-804,
192040,2020-05-16 01:04:52,2020-05-16,01:04:52,SENSORS,,,,,,,,,,,,,,,815,-804,-804,
192040,2020-05-16 01:09:52,2020-05-16,01:09:52,SENSORS,,,,,,,,,,,,,,,815,-804,-804,
192040,2020-05-16 01:14:52,2020-05-16,01:14:52,SENSORS,,,,,,,,,,,,,,,815,-804,-804,
192040,2020-05-16 01:19:52,2020-05-16,01:19:52,SENSORS,,,,,,,,,,,,,,,815,-804,-804,
192040,2020-05-16 01:24:52,2020-05-16,01:24:52,SENSORS,,,,,,,,,,,,,,,815,-804,-804,
192040,2020-05-16 01:29:52,2020-05-16,01:29:52,SENSORS,,,,,,,,,,,,,,,815,-804,-804,
192040,2020-05-16 01:34:52,2020-05-16,01:34:52,SENSORS,,,,,,,,,,,,,,,815,-804,-804,
192040,2020-05-16 01:39:52,2020-05-16,01:39:52,SENSORS,,,,,,,,,,,,,,,815,-804,-804,
192040,2020-05-16 01:44:52,2020-05-16,01:44:52,SENSORS,,,,,,,,,,,,,,,815,-804,-804,
192040,2020-05-16 01:49:52,2020-05-16,01:49:52,SENSORS,,,,,,,,,,,,,,,815,-804,-804,
192040,2020-05-16 01:54:52,2020-05-16,01:54:52,SENSORS,,,,,,,,,,,,,,,815,-804,-804,
192040,2020-05-16 01:59:52,2020-05-16,01:59:52,SENSORS,,,,,,,,,,,,,,,815,-804,-804,
192040,2020-05-16 02:04:52,2020-05-16,02:04:52,SENSORS,,,,,,,,,,,,,,,815,-804,-804,
192040,2020-05-16 02:09:52,2020-05-16,02:09:52,SENSORS,,,,,,,,,,,,,,,815,-804,-804,
192040,2020-05-16 02:14:52,2020-05-16,02:14:52,SENSORS,,,,,,,,,,,,,,,815,-804,-804,
192040,2020-05-16 02:19:52,2020-05-16,02:19:52,SENSORS,,,,,,,,,,,,,,,815,-804,-804,
192040,2020-05-16 02:24:52,2020-05-16,02:24:52,SENSORS,,,,,,,,,,,,,,,815,-804,-804,
192040,2020-05-16 02:29:52,2020-05-16,02:29:52,SENSORS,,,,,,,,,,,,,,,815,-804,-804,
192040,2020-05-16 02:34:52,2020-05-16,02:34:52,SENSORS,,,,,,,,,,,,,,,815,-804,-804,
192040,2020-05-16 02:39:52,2020-05-16,02:39:52,SENSORS,,,,,,,,,,,,,,,815,-804,-804,
192040,2020-05-16 02:44:52,2020-05-16,02:44:52,SENSORS,,,,,,,,,,,,,,,815,-804,-804,
192040,2020-05-16 02:49:52,2020-05-16,02:49:52,SENSORS,,,,,,,,,,,,,,,815,-804,-804,
192040,2020-05-16 02:54:52,2020-05-16,02:54:52,SENSORS,,,,,,,,,,,,,,,815,-804,-804,
192040,2020-05-16 02:59:52,2020-05-16,02:59:52,SENSORS,,,,,,,,,,,,,,,815,-804,-804,
192040,2020-05-16 03:04:52,2020-05-16,03:04:52,SENSORS,,,,,,,,,,,,,,,815,-804,-804,
192040,2020-05-16 03:09:52,2020-05-16,03:09:52,SENSORS,,,,,,,,,,,,,,,815,-804,-804,
192040,2020-05-16 03:14:52,2020-05-16,03:14:52,SENSORS,,,,,,,,,,,,,,,815,-804,-804,
192040,2020-05-16 03:19:52,2020-05-16,03:19:52,SENSORS,,,,,,,,,,,,,,,815,-804,-804,
192040,2020-05-16 03:24:52,2020-05-16,03:24:52,SENSORS,,,,,,,,,,,,,,,815,-804,-804,
192040,2020-05-16 03:29:52,2020-05-16,03:29:52,SENSORS,,,,,,,,,,,,,,,815,-804,-804,
192040,2020-05-16 03:34:52,2020-05-16,03:34:52,SENSORS,,,,,,,,,,,,,,,815,-804,-804,
192040,2020-05-16 03:39:52,2020-05-16,03:39:52,SENSORS,,,,,,,,,,,,,,,815,-804,-804,
192040,2020-05-16 03:44:52,2020-05-16,03:44:52,SENSORS,,,,,,,,,,,,,,,815,-804,-804,
192040,2020-05-16 03:49:52,2020-05-16,03:49:52,SENSORS,,,,,,,,,,,,,,,815,-804,-804,
192040,2020-05-16 03:54:52,2020-05-16,03:54:52,SENSORS,,,,,,,,,,,,,,,815,-804,-804,
192040,2020-05-16 03:59:52,2020-05-16,03:59:52,SENSORS,,,,,,,,,,,,,,,815,-804,-804,
192040,2020-05-16 04:04:52,2020-05-16,04:04:52,SENSORS,,,,,,,,,,,,,,,815,-804,-804,
192040,2020-05-16 04:09:52,2020-05-16,04:09:52,SENSORS,,,,,,,,,,,,,,,815,-804,-804,
192040,2020-05-16 04:14:52,2020-05-16,04:14:52,SENSORS,,,,,,,,,,,,,,,815,-804,-804,
192040,2020-05-16 04:19:52,2020-05-16,04:19:52,SENSORS,,,,,,,,,,,,,,,815,-804,-804,
192040,2020-05-16 04:24:52,2020-05-16,04:24:52,SENSORS,,,,,,,,,,,,,,,815,-804,-804,
192040,2020-05-16 04:29:52,2020-05-16,04:29:52,SENSORS,,,,,,,,,,,,,,,815,-804,-804,
192040,2020-05-16 04:34:52,2020-05-16,04:34:52,SENSORS,,,,,,,,,,,,,,,815,-804,-804,
192040,2020-05-16 04:39:52,2020-05-16,04:39:52,SENSORS,,,,,,,,,,,,,,,815,-804,-804,
192040,2020-05-16 04:44:52,2020-05-16,04:44:52,SENSORS,,,,,,,,,,,,,,,815,-804,-804,
192040,2020-05-16 04:49:52,2020-05-16,04:49:52,SENSORS,,,,,,,,,,,,,,,815,-804,-804,
192040,2020-05-16 04:54:52,2020-05-16,04:54:52,SENSORS,,,,,,,,,,,,,,,815,-804,-804,
192040,2020-05-16 04:59:52,2020-05-16,04:59:52,SENSORS,,,,,,,,,,,,,,,815,-804,-804,
192040,2020-05-16 05:04:52,2020-05-16,05:04:52,SENSORS,,,,,,,,,,,,,,,815,-804,-804,
192040,2020-05-16 05:09:52,2020-05-16,05:09:52,SENSORS,,,,,,,,,,,,,,,815,-804,-804,
192040,2020-05-16 05:14:52,2020-05-16,05:14:52,SENSORS,,,,,,,,,,,,,,,815,-804,-804,
192040,2020-05-16 05:19:52,2020-05-16,05:19:52,SENSORS,,,,,,,,,,,,,,,815,-804,-804,
192040,2020-05-16 05:24:52,2020-05-16,05:24:52,SENSORS,,,,,,,,,,,,,,,815,-804,-804,
192040,2020-05-16 05:29:52,2020-05-16,05:29:52,SENSORS,,,,,,,,,,,,,,,815,-804,-804,
192040,2020-05-16 05:34:52,2020-05-16,05:34:52,SENSORS,,,,,,,,,,,,,,,815,-804,-804,
192040,2020-05-16 05:39:52,2020-05-16,05:39:52,SENSORS,,,,,,,,,,,,,,,815,-804,-804,
192040,2020-05-16 05:44:52,2020-05-16,05:44:52,SENSORS,,,,,,,,,,,,,,,815,-804,-804,
192040,2020-05-16 05:49:52,2020-05-16,05:49:52,SENSORS,,,,,,,,,,,,,,,815,-804,-804,
192040,2020-05-16 05:54:52,2020-05-16,05:54:52,SENSORS,,,,,,,,,,,,,,,815,-804,-804,
192040,2020-05-16 05:57:15,2020-05-16,05:57:15,GPS,0,3712,11,0,0.0,0.000000000000000,0.000000000000000,0,0,0,34,707,-520,-924,-22,-514,911,
192040,2020-05-16 05:59:52,2020-05-16,05:59:52,SENSORS,,,,,,,,,,,,,,,815,-804,-804,
192040,2020-05-16 06:04:52,2020-05-16,06:04:52,SENSORS,,,,,,,,,,,,,,,815,-804,-804,
192040,2020-05-16 06:09:52,2020-05-16,06:09:52,SENSORS,,,,,,,,,,,,,,,815,-804,-804,
192040,2020-05-16 06:14:52,2020-05-16,06:14:52,SENSORS,,,,,,,,,,,,,,,815,-804,-804,
192040,2020-05-16 06:19:52,2020-05-16,06:19:52,SENSORS,,,,,,,,,,,,,,,815,-804,-804,
192040,2020-05-16 06:24:52,2020-05-16,06:24:52,SENSORS,,,,,,,,,,,,,,,815,-804,-804,
192040,2020-05-16 06:29:52,2020-05-16,06:29:52,SENSORS,,,,,,,,,,,,,,,815,-804,-804,
192040,2020-05-16 06:34:52,2020-05-16,06:34:52,SENSORS,,,,,,,,,,,,,,,815,-804,-804,
192040,2020-05-16 06:39:52,2020-05-16,06:39:52,SENSORS,,,,,,,,,,,,,,,815,-804,-804,
192040,2020-05-16 06:44:52,2020-05-16,06:44:52,SENSORS,,,,,,,,,,,,,,,815,-804,-804,
192040,2020-05-16 06:49:52,2020-05-16,06:49:52,SENSORS,,,,,,,,,,,,,,,815,-804,-804,
192040,2020-05-16 06:54:52,2020-05-16,06:54:52,SENSORS,,,,,,,,,,,,,,,815,-804,-804,
192040,2020-05-16 06:59:52,2020-05-16,06:59:52,SENSORS,,,,,,,,,,,,,,,815,-804,-804,
192040,2020-05-16 07:04:52,2020-05-16,07:04:52,SENSORS,,,,,,,,,,,,,,,815,-804,-804,
192040,2020-05-16 07:09:52,2020-05-16,07:09:52,SENSORS,,,,,,,,,,,,,,,815,-804,-804,
192040,2020-05-16 07:14:52,2020-05-16,07:14:52,SENSORS,,,,,,,,,,,,,,,815,-804,-804,
192040,2020-05-16 07:19:52,2020-05-16,07:19:52,SENSORS,,,,,,,,,,,,,,,815,-804,-804,
192040,2020-05-16 07:24:52,2020-05-16,07:24:52,SENSORS,,,,,,,,,,,,,,,815,-804,-804,
192040,2020-05-16 07:29:52,2020-05-16,07:29:52,SENSORS,,,,,,,,,,,,,,,815,-804,-804,
192040,2020-05-16 07:34:52,2020-05-16,07:34:52,SENSORS,,,,,,,,,,,,,,,815,-804,-804,
192040,2020-05-16 07:39:52,2020-05-16,07:39:52,SENSORS,,,,,,,,,,,,,,,815,-804,-804,
192040,2020-05-16 07:44:52,2020-05-16,07:44:52,SENSORS,,,,,,,,,,,,,,,815,-804,-804,
192040,2020-05-16 07:49:52,2020-05-16,07:49:52,SENSORS,,,,,,,,,,,,,,,815,-804,-804,
192040,2020-05-16 07:54:52,2020-05-16,07:54:52,SENSORS,,,,,,,,,,,,,,,815,-804,-804,
192040,2020-05-16 07:59:52,2020-05-16,07:59:52,SENSORS,,,,,,,,,,,,,,,815,-804,-804,
192040,2020-05-16 08:04:52,2020-05-16,08:04:52,SENSORS,,,,,,,,,,,,,,,815,-804,-804,
192040,2020-05-16 08:09:52,2020-05-16,08:09:52,SENSORS,,,,,,,,,,,,,,,815,-804,-804,
192040,2020-05-16 08:14:52,2020-05-16,08:14:52,SENSORS,,,,,,,,,,,,,,,815,-804,-804,
192040,2020-05-16 08:19:52,2020-05-16,08:19:52,SENSORS,,,,,,,,,,,,,,,815,-804,-804,
192040,2020-05-16 08:24:52,2020-05-16,08:24:52,SENSORS,,,,,,,,,,,,,,,815,-804,-804,
192040,2020-05-16 08:29:52,2020-05-16,08:29:52,SENSORS,,,,,,,,,,,,,,,815,-804,-804,
192040,2020-05-16 08:34:52,2020-05-16,08:34:52,SENSORS,,,,,,,,,,,,,,,815,-804,-804,
192040,2020-05-16 08:39:52,2020-05-16,08:39:52,SENSORS,,,,,,,,,,,,,,,815,-804,-804,
192040,2020-05-16 08:44:52,2020-05-16,08:44:52,SENSORS,,,,,,,,,,,,,,,815,-804,-804,
192040,2020-05-16 08:49:52,2020-05-16,08:49:52,SENSORS,,,,,,,,,,,,,,,815,-804,-804,
192040,2020-05-16 08:54:52,2020-05-16,08:54:52,SENSORS,,,,,,,,,,,,,,,815,-804,-804,
192040,2020-05-16 08:59:52,2020-05-16,08:59:52,SENSORS,,,,,,,,,,,,,,,815,-804,-804,
192040,2020-05-16 09:04:52,2020-05-16,09:04:52,SENSORS,,,,,,,,,,,,,,,815,-804,-804,
192040,2020-05-16 09:09:52,2020-05-16,09:09:52,SENSORS,,,,,,,,,,,,,,,815,-804,-804,
192040,2020-05-16 09:14:52,2020-05-16,09:14:52,SENSORS,,,,,,,,,,,,,,,815,-804,-804,
192040,2020-05-16 09:19:52,2020-05-16,09:19:52,SENSORS,,,,,,,,,,,,,,,815,-804,-804,
192040,2020-05-16 09:24:52,2020-05-16,09:24:52,SENSORS,,,,,,,,,,,,,,,815,-804,-804,
192040,2020-05-16 09:29:52,2020-05-16,09:29:52,SENSORS,,,,,,,,,,,,,,,815,-804,-804,
192040,2020-05-16 09:34:52,2020-05-16,09:34:52,SENSORS,,,,,,,,,,,,,,,815,-804,-804,
192040,2020-05-16 09:39:52,2020-05-16,09:39:52,SENSORS,,,,,,,,,,,,,,,815,-804,-804,
192040,2020-05-16 09:44:52,2020-05-16,09:44:52,SENSORS,,,,,,,,,,,,,,,815,-804,-804,
192040,2020-05-16 09:49:52,2020-05-16,09:49:52,SENSORS,,,,,,,,,,,,,,,815,-804,-804,
192040,2020-05-16 09:54:52,2020-05-16,09:54:52,SENSORS,,,,,,,,,,,,,,,815,-804,-804,
192040,2020-05-16 09:57:15,2020-05-16,09:57:15,GPS,0,3723,14,0,0.0,0.000000000000000,0.000000000000000,0,0,0,40,643,-1298,-652,175,-509,899,
192040,2020-05-16 09:59:52,2020-05-16,09:59:52,SENSORS,,,,,,,,,,,,,,,815,-804,-804,
192040,2020-05-16 10:04:52,2020-05-16,10:04:52,SENSORS,,,,,,,,,,,,,,,815,-804,-804,
192040,2020-05-16 10:09:52,2020-05-16,10:09:52,SENSORS,,,,,,,,,,,,,,,815,-804,-804,
192040,2020-05-16 10:14:52,2020-05-16,10:14:52,SENSORS,,,,,,,,,,,,,,,815,-804,-804,
192040,2020-05-16 10:19:52,2020-05-16,10:19:52,SENSORS,,,,,,,,,,,,,,,815,-804,-804,
192040,2020-05-16 10:24:52,2020-05-16,10:24:52,SENSORS,,,,,,,,,,,,,,,815,-804,-804,
192040,2020-05-16 10:29:52,2020-05-16,10:29:52,SENSORS,,,,,,,,,,,,,,,815,-804,-804,
192040,2020-05-16 10:34:52,2020-05-16,10:34:52,SENSORS,,,,,,,,,,,,,,,815,-804,-804,
192040,2020-05-16 10:39:52,2020-05-16,10:39:52,SENSORS,,,,,,,,,,,,,,,815,-804,-804,
192040,2020-05-16 10:44:52,2020-05-16,10:44:52,SENSORS,,,,,,,,,,,,,,,815,-804,-804,
192040,2020-05-16 10:49:52,2020-05-16,10:49:52,SENSORS,,,,,,,,,,,,,,,815,-804,-804,
192040,2020-05-16 10:54:52,2020-05-16,10:54:52,SENSORS,,,,,,,,,,,,,,,815,-804,-804,
192040,2020-05-16 10:59:52,2020-05-16,10:59:52,SENSORS,,,,,,,,,,,,,,,815,-804,-804,
192040,2020-05-16 11:04:52,2020-05-16,11:04:52,SENSORS,,,,,,,,,,,,,,,815,-804,-804,
192040,2020-05-16 11:09:52,2020-05-16,11:09:52,SENSORS,,,,,,,,,,,,,,,815,-804,-804,
192040,2020-05-16 11:14:52,2020-05-16,11:14:52,SENSORS,,,,,,,,,,,,,,,815,-804,-804,
192040,2020-05-16 11:19:52,2020-05-16,11:19:52,SENSORS,,,,,,,,,,,,,,,815,-804,-804,
192040,2020-05-16 11:24:52,2020-05-16,11:24:52,SENSORS,,,,,,,,,,,,,,,815,-804,-804,
192040,2020-05-16 11:29:52,2020-05-16,11:29:52,SENSORS,,,,,,,,,,,,,,,815,-804,-804,
192040,2020-05-16 11:34:52,2020-05-16,11:34:52,SENSORS,,,,,,,,,,,,,,,815,-804,-804,
192040,2020-05-16 11:39:52,2020-05-16,11:39:52,SENSORS,,,,,,,,,,,,,,,815,-804,-804,
192040,2020-05-16 11:44:52,2020-05-16,11:44:52,SENSORS,,,,,,,,,,,,,,,815,-804,-804,
192040,2020-05-16 11:49:52,2020-05-16,11:49:52,SENSORS,,,,,,,,,,,,,,,815,-804,-804,
192040,2020-05-16 11:54:52,2020-05-16,11:54:52,SENSORS,,,,,,,,,,,,,,,815,-804,-804,
192040,2020-05-16 11:59:52,2020-05-16,11:59:52,SENSORS,,,,,,,,,,,,,,,815,-804,-804,
192040,2020-05-16 12:04:52,2020-05-16,12:04:52,SENSORS,,,,,,,,,,,,,,,815,-804,-804,
192040,2020-05-16 12:09:52,2020-05-16,12:09:52,SENSORS,,,,,,,,,,,,,,,815,-804,-804,
192040,2020-05-16 12:14:52,2020-05-16,12:14:52,SENSORS,,,,,,,,,,,,,,,815,-804,-804,
192040,2020-05-16 12:19:52,2020-05-16,12:19:52,SENSORS,,,,,,,,,,,,,,,815,-804,-804,
192040,2020-05-16 12:24:52,2020-05-16,12:24:52,SENSORS,,,,,,,,,,,,,,,815,-804,-804,
192040,2020-05-16 12:29:52,2020-05-16,12:29:52,SENSORS,,,,,,,,,,,,,,,815,-804,-804,
192040,2020-05-16 12:34:52,2020-05-16,12:34:52,SENSORS,,,,,,,,,,,,,,,815,-804,-804,
192040,2020-05-16 12:39:52,2020-05-16,12:39:52,SENSORS,,,,,,,,,,,,,,,815,-804,-804,
192040,2020-05-16 12:44:52,2020-05-16,12:44:52,SENSORS,,,,,,,,,,,,,,,815,-804,-804,
192040,2020-05-16 12:49:52,2020-05-16,12:49:52,SENSORS,,,,,,,,,,,,,,,815,-804,-804,
192040,2020-05-16 12:54:52,2020-05-16,12:54:52,SENSORS,,,,,,,,,,,,,,,815,-804,-804,
192040,2020-05-16 12:59:52,2020-05-16,12:59:52,SENSORS,,,,,,,,,,,,,,,815,-804,-804,
192040,2020-05-16 13:04:52,2020-05-16,13:04:52,SENSORS,,,,,,,,,,,,,,,815,-804,-804,
192040,2020-05-16 13:09:52,2020-05-16,13:09:52,SENSORS,,,,,,,,,,,,,,,815,-804,-804,
192040,2020-05-16 13:14:52,2020-05-16,13:14:52,SENSORS,,,,,,,,,,,,,,,815,-804,-804,
192040,2020-05-16 13:19:52,2020-05-16,13:19:52,SENSORS,,,,,,,,,,,,,,,815,-804,-804,
192040,2020-05-16 13:24:52,2020-05-16,13:24:52,SENSORS,,,,,,,,,,,,,,,815,-804,-804,
192040,2020-05-16 13:29:52,2020-05-16,13:29:52,SENSORS,,,,,,,,,,,,,,,815,-804,-804,
192040,2020-05-16 13:34:52,2020-05-16,13:34:52,SENSORS,,,,,,,,,,,,,,,815,-804,-804,
192040,2020-05-16 13:39:52,2020-05-16,13:39:52,SENSORS,,,,,,,,,,,,,,,815,-804,-804,
192040,2020-05-16 13:44:52,2020-05-16,13:44:52,SENSORS,,,,,,,,,,,,,,,815,-804,-804,
192040,2020-05-16 13:49:52,2020-05-16,13:49:52,SENSORS,,,,,,,,,,,,,,,815,-804,-804,
192040,2020-05-16 13:54:52,2020-05-16,13:54:52,SENSORS,,,,,,,,,,,,,,,815,-804,-804,
192040,2020-05-16 13:57:15,2020-05-16,13:57:15,GPS,0,3782,31,0,0.0,0.000000000000000,0.000000000000000,0,0,0,43,696,-789,-547,165,149,1025,
192040,2020-05-16 13:59:52,2020-05-16,13:59:52,SENSORS,,,,,,,,,,,,,,,815,-804,-804,
192040,2020-05-16 14:04:52,2020-05-16,14:04:52,SENSORS,,,,,,,,,,,,,,,815,-804,-804,
192040,2020-05-16 14:09:52,2020-05-16,14:09:52,SENSORS,,,,,,,,,,,,,,,815,-804,-804,
192040,2020-05-16 14:14:52,2020-05-16,14:14:52,SENSORS,,,,,,,,,,,,,,,815,-804,-804,
192040,2020-05-16 14:19:52,2020-05-16,14:19:52,SENSORS,,,,,,,,,,,,,,,815,-804,-804,
192040,2020-05-16 14:24:52,2020-05-16,14:24:52,SENSORS,,,,,,,,,,,,,,,815,-804,-804,
192040,2020-05-16 14:29:52,2020-05-16,14:29:52,SENSORS,,,,,,,,,,,,,,,815,-804,-804,
192040,2020-05-16 14:34:52,2020-05-16,14:34:52,SENSORS,,,,,,,,,,,,,,,815,-804,-804,
192040,2020-05-16 14:39:52,2020-05-16,14:39:52,SENSORS,,,,,,,,,,,,,,,815,-804,-804,
192040,2020-05-16 14:44:52,2020-05-16,14:44:52,SENSORS,,,,,,,,,,,,,,,815,-804,-804,
192040,2020-05-16 14:49:52,2020-05-16,14:49:52,SENSORS,,,,,,,,,,,,,,,815,-804,-804,
192040,2020-05-16 14:54:52,2020-05-16,14:54:52,SENSORS,,,,,,,,,,,,,,,815,-804,-804,
192040,2020-05-16 14:57:15,2020-05-16,14:57:15,GPS,0,3782,31,0,0.0,0.000000000000000,0.000000000000000,0,0,0,40,781,-799,-447,158,-140,1033,
192040,2020-05-16 14:59:52,2020-05-16,14:59:52,SENSORS,,,,,,,,,,,,,,,815,-804,-804,
192040,2020-05-16 15:04:52,2020-05-16,15:04:52,SENSORS,,,,,,,,,,,,,,,815,-804,-804,
192040,2020-05-16 15:09:52,2020-05-16,15:09:52,SENSORS,,,,,,,,,,,,,,,815,-804,-804,
192040,2020-05-16 15:14:52,2020-05-16,15:14:52,SENSORS,,,,,,,,,,,,,,,815,-804,-804,
192040,2020-05-16 15:19:52,2020-05-16,15:19:52,SENSORS,,,,,,,,,,,,,,,815,-804,-804,
192040,2020-05-16 15:24:52,2020-05-16,15:24:52,SENSORS,,,,,,,,,,,,,,,815,-804,-804,
192040,2020-05-16 15:29:52,2020-05-16,15:29:52,SENSORS,,,,,,,,,,,,,,,815,-804,-804,
192040,2020-05-16 15:34:52,2020-05-16,15:34:52,SENSORS,,,,,,,,,,,,,,,815,-804,-804,
192040,2020-05-16 15:39:52,2020-05-16,15:39:52,SENSORS,,,,,,,,,,,,,,,815,-804,-804,
192040,2020-05-16 15:44:52,2020-05-16,15:44:52,SENSORS,,,,,,,,,,,,,,,815,-804,-804,
192040,2020-05-16 15:49:52,2020-05-16,15:49:52,SENSORS,,,,,,,,,,,,,,,815,-804,-804,
192040,2020-05-16 15:54:52,2020-05-16,15:54:52,SENSORS,,,,,,,,,,,,,,,815,-804,-804,
192040,2020-05-16 15:57:15,2020-05-16,15:57:15,GPS,0,3771,27,0,0.0,0.000000000000000,0.000000000000000,0,0,0,36,799,-794,-525,14,285,993,
192040,2020-05-16 15:59:52,2020-05-16,15:59:52,SENSORS,,,,,,,,,,,,,,,815,-804,-804,
192040,2020-05-16 16:04:52,2020-05-16,16:04:52,SENSORS,,,,,,,,,,,,,,,815,-804,-804,
192040,2020-05-16 16:09:52,2020-05-16,16:09:52,SENSORS,,,,,,,,,,,,,,,815,-804,-804,
192040,2020-05-16 16:14:52,2020-05-16,16:14:52,SENSORS,,,,,,,,,,,,,,,815,-804,-804,
192040,2020-05-16 16:19:52,2020-05-16,16:19:52,SENSORS,,,,,,,,,,,,,,,815,-804,-804,
192040,2020-05-16 16:24:52,2020-05-16,16:24:52,SENSORS,,,,,,,,,,,,,,,815,-804,-804,
192040,2020-05-16 16:29:52,2020-05-16,16:29:52,SENSORS,,,,,,,,,,,,,,,815,-804,-804,
192040,2020-05-16 16:34:52,2020-05-16,16:34:52,SENSORS,,,,,,,,,,,,,,,815,-804,-804,
192040,2020-05-16 16:39:52,2020-05-16,16:39:52,SENSORS,,,,,,,,,,,,,,,815,-804,-804,
192040,2020-05-16 16:44:52,2020-05-16,16:44:52,SENSORS,,,,,,,,,,,,,,,815,-804,-804,
192040,2020-05-16 16:49:52,2020-05-16,16:49:52,SENSORS,,,,,,,,,,,,,,,815,-804,-804,
192040,2020-05-16 16:54:52,2020-05-16,16:54:52,SENSORS,,,,,,,,,,,,,,,815,-804,-804,
192040,2020-05-16 16:57:15,2020-05-16,16:57:15,GPS,0,3768,27,0,0.0,0.000000000000000,0.000000000000000,0,0,0,35,529,-788,-560,146,287,990,
192040,2020-05-16 16:59:52,2020-05-16,16:59:52,SENSORS,,,,,,,,,,,,,,,815,-804,-804,
192040,2020-05-16 17:04:52,2020-05-16,17:04:52,SENSORS,,,,,,,,,,,,,,,815,-804,-804,
192040,2020-05-16 17:09:52,2020-05-16,17:09:52,SENSORS,,,,,,,,,,,,,,,815,-804,-804,
192040,2020-05-16 17:14:52,2020-05-16,17:14:52,SENSORS,,,,,,,,,,,,,,,815,-804,-804,
192040,2020-05-16 17:19:52,2020-05-16,17:19:52,SENSORS,,,,,,,,,,,,,,,815,-804,-804,
192040,2020-05-16 17:24:52,2020-05-16,17:24:52,SENSORS,,,,,,,,,,,,,,,815,-804,-804,
192040,2020-05-16 17:29:52,2020-05-16,17:29:52,SENSORS,,,,,,,,,,,,,,,815,-804,-804,
192040,2020-05-16 17:34:52,2020-05-16,17:34:52,SENSORS,,,,,,,,,,,,,,,815,-804,-804,
192040,2020-05-16 17:39:52,2020-05-16,17:39:52,SENSORS,,,,,,,,,,,,,,,815,-804,-804,
192040,2020-05-16 17:44:52,2020-05-16,17:44:52,SENSORS,,,,,,,,,,,,,,,815,-804,-804,
192040,2020-05-16 17:49:52,2020-05-16,17:49:52,SENSORS,,,,,,,,,,,,,,,815,-804,-804,
192040,2020-05-16 17:54:52,2020-05-16,17:54:52,SENSORS,,,,,,,,,,,,,,,815,-804,-804,
192040,2020-05-16 17:57:15,2020-05-16,17:57:15,GPS,0,3762,25,0,0.0,0.000000000000000,0.000000000000000,0,0,0,34,570,-1081,-585,205,-147,1010,
192040,2020-05-16 17:59:52,2020-05-16,17:59:52,SENSORS,,,,,,,,,,,,,,,815,-804,-804,
192040,2020-05-16 18:04:52,2020-05-16,18:04:52,SENSORS,,,,,,,,,,,,,,,815,-804,-804,
192040,2020-05-16 18:09:52,2020-05-16,18:09:52,SENSORS,,,,,,,,,,,,,,,815,-804,-804,
192040,2020-05-16 18:14:52,2020-05-16,18:14:52,SENSORS,,,,,,,,,,,,,,,815,-804,-804,
192040,2020-05-16 18:19:52,2020-05-16,18:19:52,SENSORS,,,,,,,,,,,,,,,815,-804,-804,
192040,2020-05-16 18:24:56,2020-05-16,18:24:56,GPS,0,3754,23,0,0.0,0.000000000000000,0.000000000000000,0,0,0,34,444,-912,-716,186,108,1014,
192040,2020-05-17 00:24:56,2020-05-17,00:24:56,GPS,0,3748,21,0,0.0,0.000000000000000,0.000000000000000,0,0,0,33,930,-1136,-709,109,-149,1026,
192040,2020-05-17 00:24:56,2020-05-17,00:24:56,SENSORS,,,,,,,,,,,,,,,815,-804,-804,
192040,2020-05-17 00:29:56,2020-05-17,00:29:56,SENSORS,,,,,,,,,,,,,,,815,-804,-804,
192040,2020-05-17 00:34:56,2020-05-17,00:34:56,SENSORS,,,,,,,,,,,,,,,815,-804,-804,
192040,2020-05-17 00:39:56,2020-05-17,00:39:56,SENSORS,,,,,,,,,,,,,,,815,-804,-804,
192040,2020-05-17 00:44:56,2020-05-17,00:44:56,SENSORS,,,,,,,,,,,,,,,815,-804,-804,
192040,2020-05-17 00:49:56,2020-05-17,00:49:56,SENSORS,,,,,,,,,,,,,,,815,-804,-804,
192040,2020-05-17 00:54:56,2020-05-17,00:54:56,SENSORS,,,,,,,,,,,,,,,815,-804,-804,
192040,2020-05-17 00:59:56,2020-05-17,00:59:56,SENSORS,,,,,,,,,,,,,,,815,-804,-804,
192040,2020-05-17 01:04:56,2020-05-17,01:04:56,SENSORS,,,,,,,,,,,,,,,815,-804,-804,
192040,2020-05-17 01:09:56,2020-05-17,01:09:56,SENSORS,,,,,,,,,,,,,,,815,-804,-804,
192040,2020-05-17 01:14:56,2020-05-17,01:14:56,SENSORS,,,,,,,,,,,,,,,815,-804,-804,
192040,2020-05-17 01:19:56,2020-05-17,01:19:56,SENSORS,,,,,,,,,,,,,,,815,-804,-804,
192040,2020-05-17 01:24:56,2020-05-17,01:24:56,SENSORS,,,,,,,,,,,,,,,815,-804,-804,
192040,2020-05-17 01:29:56,2020-05-17,01:29:56,SENSORS,,,,,,,,,,,,,,,815,-804,-804,
192040,2020-05-17 01:34:56,2020-05-17,01:34:56,SENSORS,,,,,,,,,,,,,,,815,-804,-804,
192040,2020-05-17 01:39:56,2020-05-17,01:39:56,SENSORS,,,,,,,,,,,,,,,815,-804,-804,
192040,2020-05-17 01:44:56,2020-05-17,01:44:56,SENSORS,,,,,,,,,,,,,,,815,-804,-804,
192040,2020-05-17 01:49:56,2020-05-17,01:49:56,SENSORS,,,,,,,,,,,,,,,815,-804,-804,
192040,2020-05-17 01:54:56,2020-05-17,01:54:56,SENSORS,,,,,,,,,,,,,,,815,-804,-804,
192040,2020-05-17 01:59:56,2020-05-17,01:59:56,SENSORS,,,,,,,,,,,,,,,815,-804,-804,
192040,2020-05-17 02:04:56,2020-05-17,02:04:56,SENSORS,,,,,,,,,,,,,,,815,-804,-804,
192040,2020-05-17 02:09:56,2020-05-17,02:09:56,SENSORS,,,,,,,,,,,,,,,815,-804,-804,
192040,2020-05-17 02:14:56,2020-05-17,02:14:56,SENSORS,,,,,,,,,,,,,,,815,-804,-804,
192040,2020-05-17 02:19:56,2020-05-17,02:19:56,SENSORS,,,,,,,,,,,,,,,815,-804,-804,
192040,2020-05-17 02:24:56,2020-05-17,02:24:56,SENSORS,,,,,,,,,,,,,,,815,-804,-804,
192040,2020-05-17 02:29:56,2020-05-17,02:29:56,SENSORS,,,,,,,,,,,,,,,815,-804,-804,
192040,2020-05-17 02:34:56,2020-05-17,02:34:56,SENSORS,,,,,,,,,,,,,,,815,-804,-804,
192040,2020-05-17 02:39:56,2020-05-17,02:39:56,SENSORS,,,,,,,,,,,,,,,815,-804,-804,
192040,2020-05-17 02:44:56,2020-05-17,02:44:56,SENSORS,,,,,,,,,,,,,,,815,-804,-804,
192040,2020-05-17 02:49:56,2020-05-17,02:49:56,SENSORS,,,,,,,,,,,,,,,815,-804,-804,
192040,2020-05-17 02:54:56,2020-05-17,02:54:56,SENSORS,,,,,,,,,,,,,,,815,-804,-804,
192040,2020-05-17 02:59:56,2020-05-17,02:59:56,SENSORS,,,,,,,,,,,,,,,815,-804,-804,
192040,2020-05-17 03:04:56,2020-05-17,03:04:56,SENSORS,,,,,,,,,,,,,,,815,-804,-804,
192040,2020-05-17 03:09:56,2020-05-17,03:09:56,SENSORS,,,,,,,,,,,,,,,815,-804,-804,
192040,2020-05-17 03:14:56,2020-05-17,03:14:56,SENSORS,,,,,,,,,,,,,,,815,-804,-804,
192040,2020-05-17 03:19:56,2020-05-17,03:19:56,SENSORS,,,,,,,,,,,,,,,815,-804,-804,
192040,2020-05-17 03:24:56,2020-05-17,03:24:56,SENSORS,,,,,,,,,,,,,,,815,-804,-804,
192040,2020-05-17 03:29:56,2020-05-17,03:29:56,SENSORS,,,,,,,,,,,,,,,815,-804,-804,
192040,2020-05-17 03:34:56,2020-05-17,03:34:56,SENSORS,,,,,,,,,,,,,,,815,-804,-804,
192040,2020-05-17 03:39:56,2020-05-17,03:39:56,SENSORS,,,,,,,,,,,,,,,815,-804,-804,
192040,2020-05-17 03:44:56,2020-05-17,03:44:56,SENSORS,,,,,,,,,,,,,,,815,-804,-804,
192040,2020-05-17 03:49:56,2020-05-17,03:49:56,SENSORS,,,,,,,,,,,,,,,815,-804,-804,
192040,2020-05-17 03:54:56,2020-05-17,03:54:56,SENSORS,,,,,,,,,,,,,,,815,-804,-804,
192040,2020-05-17 03:59:56,2020-05-17,03:59:56,SENSORS,,,,,,,,,,,,,,,815,-804,-804,
192040,2020-05-17 04:04:56,2020-05-17,04:04:56,SENSORS,,,,,,,,,,,,,,,815,-804,-804,
192040,2020-05-17 04:09:56,2020-05-17,04:09:56,SENSORS,,,,,,,,,,,,,,,815,-804,-804,
192040,2020-05-17 04:14:56,2020-05-17,04:14:56,SENSORS,,,,,,,,,,,,,,,815,-804,-804,
192040,2020-05-17 04:19:56,2020-05-17,04:19:56,SENSORS,,,,,,,,,,,,,,,815,-804,-804,
192040,2020-05-17 04:24:56,2020-05-17,04:24:56,SENSORS,,,,,,,,,,,,,,,815,-804,-804,
192040,2020-05-17 04:29:56,2020-05-17,04:29:56,SENSORS,,,,,,,,,,,,,,,815,-804,-804,
192040,2020-05-17 04:34:56,2020-05-17,04:34:56,SENSORS,,,,,,,,,,,,,,,815,-804,-804,
192040,2020-05-17 04:39:56,2020-05-17,04:39:56,SENSORS,,,,,,,,,,,,,,,815,-804,-804,
192040,2020-05-17 04:44:56,2020-05-17,04:44:56,SENSORS,,,,,,,,,,,,,,,815,-804,-804,
192040,2020-05-17 04:49:56,2020-05-17,04:49:56,SENSORS,,,,,,,,,,,,,,,815,-804,-804,
192040,2020-05-17 04:54:56,2020-05-17,04:54:56,SENSORS,,,,,,,,,,,,,,,815,-804,-804,
192040,2020-05-17 04:59:56,2020-05-17,04:59:56,SENSORS,,,,,,,,,,,,,,,815,-804,-804,
192040,2020-05-17 05:04:56,2020-05-17,05:04:56,SENSORS,,,,,,,,,,,,,,,815,-804,-804,
192040,2020-05-17 05:09:56,2020-05-17,05:09:56,SENSORS,,,,,,,,,,,,,,,815,-804,-804,
192040,2020-05-17 05:14:56,2020-05-17,05:14:56,SENSORS,,,,,,,,,,,,,,,815,-804,-804,
192040,2020-05-17 05:19:56,2020-05-17,05:19:56,SENSORS,,,,,,,,,,,,,,,815,-804,-804,
192040,2020-05-17 05:24:56,2020-05-17,05:24:56,SENSORS,,,,,,,,,,,,,,,815,-804,-804,
192040,2020-05-17 05:29:56,2020-05-17,05:29:56,SENSORS,,,,,,,,,,,,,,,815,-804,-804,
192040,2020-05-17 05:34:56,2020-05-17,05:34:56,SENSORS,,,,,,,,,,,,,,,815,-804,-804,
192040,2020-05-17 05:39:56,2020-05-17,05:39:56,SENSORS,,,,,,,,,,,,,,,815,-804,-804,
192040,2020-05-17 05:44:56,2020-05-17,05:44:56,SENSORS,,,,,,,,,,,,,,,815,-804,-804,
192040,2020-05-17 05:49:56,2020-05-17,05:49:56,SENSORS,,,,,,,,,,,,,,,815,-804,-804,
192040,2020-05-17 05:54:56,2020-05-17,05:54:56,SENSORS,,,,,,,,,,,,,,,815,-804,-804,
192040,2020-05-17 05:57:03,2020-05-17,05:57:03,GPS,8,3745,20,3,1.4,31.809937999999999,35.124729000000002,731,0,0,37,621,-1005,-442,-34,-661,793,
192040,2020-05-17 09:57:16,2020-05-17,09:57:16,GPS,0,3751,22,0,0.0,0.000000000000000,0.000000000000000,0,0,0,43,464,-1043,-690,248,28,1018,
192040,2020-05-17 13:57:16,2020-05-17,13:57:16,GPS,0,3745,20,0,0.0,0.000000000000000,0.000000000000000,0,0,0,43,929,-791,-929,462,33,941,
192040,2020-05-17 17:57:16,2020-05-17,17:57:16,GPS,0,3726,15,0,0.0,0.000000000000000,0.000000000000000,0,0,0,35,589,-1415,-1048,255,-58,1012,
192040,2020-05-17 18:25:00,2020-05-17,18:25:00,GPS,0,3689,4,0,0.0,0.000000000000000,0.000000000000000,0,0,0,35,583,-1401,-1069,311,-90,995,
192040,2020-05-18 00:25:00,2020-05-18,00:25:00,GPS,0,3684,3,0,0.0,0.000000000000000,0.000000000000000,0,0,0,33,847,-505,-727,262,125,997,
192040,2020-05-18 10:21:07,2020-05-18,10:21:07,GPS,4,3653,0,12,1.7,31.810043000000000,35.124786000000000,707,0,0,46,1423,-1082,-441,25,-665,795,
192040,2020-05-18 14:21:57,2020-05-18,14:21:57,GPS,0,3692,5,0,0.0,0.000000000000000,0.000000000000000,0,0,0,36,626,-763,-385,185,-152,868,
192040,2020-05-19 05:46:33,2020-05-19,05:46:33,GPS,5,3647,0,9,1.9,31.811556000000000,35.124687000000002,693,0,0,38,674,-878,-397,61,-686,775,
192040,2020-05-19 11:23:16,2020-05-19,11:23:16,GPS,6,3650,0,14,2.8,31.811527000000002,35.124985000000002,672,0,0,50,734,-901,-338,322,-396,891,
192040,2020-05-19 14:40:30,2020-05-19,14:40:30,SENSORS,,,,,,,,,,,,,,,815,-804,-804,
192040,2020-05-19 15:00:30,2020-05-19,15:00:30,SENSORS,,,,,,,,,,,,,,,815,-804,-804,
192040,2020-05-19 15:20:30,2020-05-19,15:20:30,SENSORS,,,,,,,,,,,,,,,815,-804,-804,
192040,2020-05-20 05:13:13,2020-05-20,05:13:13,GPS,6,3650,0,7,2.0,31.810967999999999,35.124133999999998,771,0,0,35,783,-883,-335,34,-762,748,
192040,2020-05-20 05:20:31,2020-05-20,05:20:31,SENSORS,,,,,,,,,,,,,,,815,-804,-804,
192040,2020-05-20 05:40:31,2020-05-20,05:40:31,SENSORS,,,,,,,,,,,,,,,815,-804,-804,
192040,2020-05-20 06:00:31,2020-05-20,06:00:31,SENSORS,,,,,,,,,,,,,,,815,-804,-804,
192040,2020-05-20 06:20:31,2020-05-20,06:20:31,SENSORS,,,,,,,,,,,,,,,815,-804,-804,
192040,2020-05-20 06:40:31,2020-05-20,06:40:31,SENSORS,,,,,,,,,,,,,,,815,-804,-804,
192040,2020-05-20 07:00:31,2020-05-20,07:00:31,SENSORS,,,,,,,,,,,,,,,815,-804,-804,
192040,2020-05-20 07:20:31,2020-05-20,07:20:31,SENSORS,,,,,,,,,,,,,,,815,-804,-804,
192040,2020-05-20 07:40:31,2020-05-20,07:40:31,SENSORS,,,,,,,,,,,,,,,815,-804,-804,
192040,2020-05-20 08:00:31,2020-05-20,08:00:31,SENSORS,,,,,,,,,,,,,,,815,-804,-804,
192040,2020-05-20 08:20:31,2020-05-20,08:20:31,SENSORS,,,,,,,,,,,,,,,815,-804,-804,
192040,2020-05-20 08:40:31,2020-05-20,08:40:31,SENSORS,,,,,,,,,,,,,,,815,-804,-804,
192040,2020-05-20 09:00:31,2020-05-20,09:00:31,SENSORS,,,,,,,,,,,,,,,815,-804,-804,
192040,2020-05-20 12:06:33,2020-05-20,12:06:33,GPS,5,3661,0,8,1.2,31.809971000000001,35.124699000000000,705,0,0,42,951,-505,-497,47,-672,913,
192040,2020-05-20 12:20:31,2020-05-20,12:20:31,SENSORS,,,,,,,,,,,,,,,815,-804,-804,
192040,2020-05-20 12:40:31,2020-05-20,12:40:31,SENSORS,,,,,,,,,,,,,,,815,-804,-804,
192040,2020-05-20 13:00:31,2020-05-20,13:00:31,SENSORS,,,,,,,,,,,,,,,815,-804,-804,
192040,2020-05-20 13:20:31,2020-05-20,13:20:31,SENSORS,,,,,,,,,,,,,,,815,-804,-804,
192040,2020-05-20 13:40:31,2020-05-20,13:40:31,SENSORS,,,,,,,,,,,,,,,815,-804,-804,
192040,2020-05-20 14:00:31,2020-05-20,14:00:31,SENSORS,,,,,,,,,,,,,,,815,-804,-804,
192040,2020-05-20 14:20:31,2020-05-20,14:20:31,SENSORS,,,,,,,,,,,,,,,815,-804,-804,
192040,2020-05-20 14:40:31,2020-05-20,14:40:31,SENSORS,,,,,,,,,,,,,,,815,-804,-804,
192040,2020-05-20 15:00:31,2020-05-20,15:00:31,SENSORS,,,,,,,,,,,,,,,815,-804,-804,
192040,2020-05-20 15:20:31,2020-05-20,15:20:31,SENSORS,,,,,,,,,,,,,,,815,-804,-804,
192040,2020-05-20 15:40:31,2020-05-20,15:40:31,SENSORS,,,,,,,,,,,,,,,815,-804,-804,
192040,2020-05-20 16:00:31,2020-05-20,16:00:31,SENSORS,,,,,,,,,,,,,,,815,-804,-804,
192040,2020-05-20 16:07:14,2020-05-20,16:07:14,GPS,0,3684,3,0,0.0,0.000000000000000,0.000000000000000,0,0,0,36,800,-1117,-663,307,-189,985,
192040,2020-05-20 16:20:31,2020-05-20,16:20:31,SENSORS,,,,,,,,,,,,,,,815,-804,-804,
192040,2020-05-20 16:40:31,2020-05-20,16:40:31,SENSORS,,,,,,,,,,,,,,,815,-804,-804,
192040,2020-05-20 17:00:31,2020-05-20,17:00:31,SENSORS,,,,,,,,,,,,,,,815,-804,-804,
192040,2020-05-20 17:20:31,2020-05-20,17:20:31,SENSORS,,,,,,,,,,,,,,,815,-804,-804,
192040,2020-05-20 17:40:31,2020-05-20,17:40:31,SENSORS,,,,,,,,,,,,,,,815,-804,-804,
192040,2020-05-20 18:00:31,2020-05-20,18:00:31,SENSORS,,,,,,,,,,,,,,,815,-804,-804,
192040,2020-05-20 18:20:31,2020-05-20,18:20:31,SENSORS,,,,,,,,,,,,,,,815,-804,-804,
192040,2020-05-20 18:25:15,2020-05-20,18:25:15,GPS,0,3681,2,0,0.0,0.000000000000000,0.000000000000000,0,0,0,34,866,-684,-659,280,-128,1001,
192040,2020-05-21 00:25:17,2020-05-21,00:25:17,GPS,0,3672,0,0,0.0,0.000000000000000,0.000000000000000,0,0,0,32,707,-455,-761,236,84,1006,
192040,2020-05-21 00:25:17,2020-05-21,00:25:17,SENSORS,,,,,,,,,,,,,,,815,-804,-804,
192040,2020-05-21 00:45:17,2020-05-21,00:45:17,SENSORS,,,,,,,,,,,,,,,815,-804,-804,
192040,2020-05-21 01:05:17,2020-05-21,01:05:17,SENSORS,,,,,,,,,,,,,,,815,-804,-804,
192040,2020-05-21 01:25:17,2020-05-21,01:25:17,SENSORS,,,,,,,,,,,,,,,815,-804,-804,
192040,2020-05-21 01:45:17,2020-05-21,01:45:17,SENSORS,,,,,,,,,,,,,,,815,-804,-804,
192040,2020-05-21 02:05:17,2020-05-21,02:05:17,SENSORS,,,,,,,,,,,,,,,815,-804,-804,
192040,2020-05-21 02:25:17,2020-05-21,02:25:17,SENSORS,,,,,,,,,,,,,,,815,-804,-804,
192040,2020-05-21 02:45:17,2020-05-21,02:45:17,SENSORS,,,,,,,,,,,,,,,815,-804,-804,
192040,2020-05-21 03:05:17,2020-05-21,03:05:17,SENSORS,,,,,,,,,,,,,,,815,-804,-804,
192040,2020-05-21 03:25:17,2020-05-21,03:25:17,SENSORS,,,,,,,,,,,,,,,815,-804,-804,
192040,2020-05-21 03:45:17,2020-05-21,03:45:17,SENSORS,,,,,,,,,,,,,,,815,-804,-804,
192040,2020-05-21 04:05:17,2020-05-21,04:05:17,SENSORS,,,,,,,,,,,,,,,815,-804,-804,
192040,2020-05-21 04:25:17,2020-05-21,04:25:17,SENSORS,,,,,,,,,,,,,,,815,-804,-804,
192040,2020-05-21 04:45:17,2020-05-21,04:45:17,SENSORS,,,,,,,,,,,,,,,815,-804,-804,
192040,2020-05-21 05:05:17,2020-05-21,05:05:17,SENSORS,,,,,,,,,,,,,,,815,-804,-804,
192040,2020-05-21 05:25:17,2020-05-21,05:25:17,SENSORS,,,,,,,,,,,,,,,815,-804,-804,
192040,2020-05-21 05:45:17,2020-05-21,05:45:17,SENSORS,,,,,,,,,,,,,,,815,-804,-804,
192040,2020-05-21 05:56:35,2020-05-21,05:56:35,GPS,8,3670,0,9,1.3,31.810160000000000,35.124789999999997,725,0,0,38,539,-1145,-539,619,-280,827,
192040,2020-05-21 06:05:17,2020-05-21,06:05:17,SENSORS,,,,,,,,,,,,,,,815,-804,-804,
192040,2020-05-21 06:25:17,2020-05-21,06:25:17,SENSORS,,,,,,,,,,,,,,,815,-804,-804,
192040,2020-05-21 06:45:17,2020-05-21,06:45:17,SENSORS,,,,,,,,,,,,,,,815,-804,-804,
192040,2020-05-21 07:05:17,2020-05-21,07:05:17,SENSORS,,,,,,,,,,,,,,,815,-804,-804,
192040,2020-05-21 07:25:17,2020-05-21,07:25:17,SENSORS,,,,,,,,,,,,,,,815,-804,-804,
192040,2020-05-21 07:45:17,2020-05-21,07:45:17,SENSORS,,,,,,,,,,,,,,,815,-804,-804,
192040,2020-05-21 08:05:17,2020-05-21,08:05:17,SENSORS,,,,,,,,,,,,,,,815,-804,-804,
192040,2020-05-21 08:25:17,2020-05-21,08:25:17,SENSORS,,,,,,,,,,,,,,,815,-804,-804,
192040,2020-05-21 08:45:17,2020-05-21,08:45:17,SENSORS,,,,,,,,,,,,,,,815,-804,-804,
192040,2020-05-21 09:05:17,2020-05-21,09:05:17,SENSORS,,,,,,,,,,,,,,,815,-804,-804,
192040,2020-05-21 09:25:17,2020-05-21,09:25:17,SENSORS,,,,,,,,,,,,,,,815,-804,-804,
192040,2020-05-21 09:45:17,2020-05-21,09:45:17,SENSORS,,,,,,,,,,,,,,,815,-804,-804,
192040,2020-05-21 09:57:26,2020-05-21,09:57:26,GPS,0,3720,13,0,0.0,0.000000000000000,0.000000000000000,0,0,0,40,730,-1113,-625,314,-139,984,
192040,2020-05-21 10:05:17,2020-05-21,10:05:17,SENSORS,,,,,,,,,,,,,,,815,-804,-804,
192040,2020-05-21 10:25:17,2020-05-21,10:25:17,SENSORS,,,,,,,,,,,,,,,815,-804,-804,
192040,2020-05-21 10:45:17,2020-05-21,10:45:17,SENSORS,,,,,,,,,,,,,,,815,-804,-804,
192040,2020-05-21 11:05:17,2020-05-21,11:05:17,SENSORS,,,,,,,,,,,,,,,815,-804,-804,
192040,2020-05-21 11:25:17,2020-05-21,11:25:17,SENSORS,,,,,,,,,,,,,,,815,-804,-804,
192040,2020-05-21 11:45:17,2020-05-21,11:45:17,SENSORS,,,,,,,,,,,,,,,815,-804,-804,
192040,2020-05-21 12:05:17,2020-05-21,12:05:17,SENSORS,,,,,,,,,,,,,,,815,-804,-804,
192040,2020-05-21 12:25:17,2020-05-21,12:25:17,SENSORS,,,,,,,,,,,,,,,815,-804,-804,
192040,2020-05-21 12:45:17,2020-05-21,12:45:17,SENSORS,,,,,,,,,,,,,,,815,-804,-804,
192040,2020-05-21 13:05:17,2020-05-21,13:05:17,SENSORS,,,,,,,,,,,,,,,815,-804,-804,
192040,2020-05-21 13:25:17,2020-05-21,13:25:17,SENSORS,,,,,,,,,,,,,,,815,-804,-804,
192040,2020-05-21 13:45:17,2020-05-21,13:45:17,SENSORS,,,,,,,,,,,,,,,815,-804,-804,
192040,2020-05-21 13:57:26,2020-05-21,13:57:26,GPS,0,3726,15,0,0.0,0.000000000000000,0.000000000000000,0,0,0,39,946,-912,-718,128,-263,1020,
192040,2020-05-21 14:05:17,2020-05-21,14:05:17,SENSORS,,,,,,,,,,,,,,,815,-804,-804,
192040,2020-05-21 14:25:17,2020-05-21,14:25:17,SENSORS,,,,,,,,,,,,,,,815,-804,-804,
192040,2020-05-21 14:45:17,2020-05-21,14:45:17,SENSORS,,,,,,,,,,,,,,,815,-804,-804,
192040,2020-05-21 15:05:17,2020-05-21,15:05:17,SENSORS,,,,,,,,,,,,,,,815,-804,-804,
192040,2020-05-21 15:25:17,2020-05-21,15:25:17,SENSORS,,,,,,,,,,,,,,,815,-804,-804,
192040,2020-05-21 15:45:17,2020-05-21,15:45:17,SENSORS,,,,,,,,,,,,,,,815,-804,-804,
192040,2020-05-21 16:05:17,2020-05-21,16:05:17,SENSORS,,,,,,,,,,,,,,,815,-804,-804,
192040,2020-05-21 16:25:17,2020-05-21,16:25:17,SENSORS,,,,,,,,,,,,,,,815,-804,-804,
192040,2020-05-21 16:45:17,2020-05-21,16:45:17,SENSORS,,,,,,,,,,,,,,,815,-804,-804,
192040,2020-05-21 17:05:17,2020-05-21,17:05:17,SENSORS,,,,,,,,,,,,,,,815,-804,-804,
192040,2020-05-21 17:25:17,2020-05-21,17:25:17,SENSORS,,,,,,,,,,,,,,,815,-804,-804,
192040,2020-05-21 17:45:17,2020-05-21,17:45:17,SENSORS,,,,,,,,,,,,,,,815,-804,-804,
192040,2020-05-21 17:57:26,2020-05-21,17:57:26,GPS,0,3740,19,0,0.0,0.000000000000000,0.000000000000000,0,0,0,34,675,-654,-880,188,-84,1033,
192040,2020-05-21 18:05:17,2020-05-21,18:05:17,SENSORS,,,,,,,,,,,,,,,815,-804,-804,
192040,2020-05-21 18:25:21,2020-05-21,18:25:21,GPS,0,3726,15,0,0.0,0.000000000000000,0.000000000000000,0,0,0,33,847,-672,-775,247,30,1015,
192040,2020-05-22 00:25:21,2020-05-22,00:25:21,GPS,0,3717,12,0,0.0,0.000000000000000,0.000000000000000,0,0,0,32,924,-661,-1048,56,-305,996,
192040,2020-05-22 00:25:21,2020-05-22,00:25:21,SENSORS,,,,,,,,,,,,,,,815,-804,-804,
192040,2020-05-22 00:45:21,2020-05-22,00:45:21,SENSORS,,,,,,,,,,,,,,,815,-804,-804,
192040,2020-05-22 01:05:21,2020-05-22,01:05:21,SENSORS,,,,,,,,,,,,,,,815,-804,-804,
192040,2020-05-22 01:25:21,2020-05-22,01:25:21,SENSORS,,,,,,,,,,,,,,,815,-804,-804,
192040,2020-05-22 01:45:21,2020-05-22,01:45:21,SENSORS,,,,,,,,,,,,,,,815,-804,-804,
192040,2020-05-22 02:05:21,2020-05-22,02:05:21,SENSORS,,,,,,,,,,,,,,,815,-804,-804,
192040,2020-05-22 02:25:21,2020-05-22,02:25:21,SENSORS,,,,,,,,,,,,,,,815,-804,-804,
192040,2020-05-22 02:45:21,2020-05-22,02:45:21,SENSORS,,,,,,,,,,,,,,,815,-804,-804,
192040,2020-05-22 03:05:21,2020-05-22,03:05:21,SENSORS,,,,,,,,,,,,,,,815,-804,-804,
192040,2020-05-22 03:25:21,2020-05-22,03:25:21,SENSORS,,,,,,,,,,,,,,,815,-804,-804,
192040,2020-05-22 03:45:21,2020-05-22,03:45:21,SENSORS,,,,,,,,,,,,,,,815,-804,-804,
192040,2020-05-22 04:05:21,2020-05-22,04:05:21,SENSORS,,,,,,,,,,,,,,,815,-804,-804,
192040,2020-05-22 04:25:21,2020-05-22,04:25:21,SENSORS,,,,,,,,,,,,,,,815,-804,-804,
192040,2020-05-22 04:45:21,2020-05-22,04:45:21,SENSORS,,,,,,,,,,,,,,,815,-804,-804,
192040,2020-05-22 05:05:21,2020-05-22,05:05:21,SENSORS,,,,,,,,,,,,,,,815,-804,-804,
192040,2020-05-22 05:25:21,2020-05-22,05:25:21,SENSORS,,,,,,,,,,,,,,,815,-804,-804,
192040,2020-05-22 05:45:21,2020-05-22,05:45:21,SENSORS,,,,,,,,,,,,,,,815,-804,-804,
192040,2020-05-22 05:57:30,2020-05-22,05:57:30,GPS,0,3714,11,0,0.0,0.000000000000000,0.000000000000000,0,0,0,34,800,-1022,-325,48,-578,864,
192040,2020-05-22 06:05:21,2020-05-22,06:05:21,SENSORS,,,,,,,,,,,,,,,815,-804,-804,
192040,2020-05-22 06:25:21,2020-05-22,06:25:21,SENSORS,,,,,,,,,,,,,,,815,-804,-804,
192040,2020-05-22 06:45:21,2020-05-22,06:45:21,SENSORS,,,,,,,,,,,,,,,815,-804,-804,
192040,2020-05-22 07:05:21,2020-05-22,07:05:21,SENSORS,,,,,,,,,,,,,,,815,-804,-804,
192040,2020-05-22 07:25:21,2020-05-22,07:25:21,SENSORS,,,,,,,,,,,,,,,815,-804,-804,
192040,2020-05-22 07:45:21,2020-05-22,07:45:21,SENSORS,,,,,,,,,,,,,,,815,-804,-804,
192040,2020-05-22 08:05:21,2020-05-22,08:05:21,SENSORS,,,,,,,,,,,,,,,815,-804,-804,
192040,2020-05-22 08:25:21,2020-05-22,08:25:21,SENSORS,,,,,,,,,,,,,,,815,-804,-804,
192040,2020-05-22 08:45:21,2020-05-22,08:45:21,SENSORS,,,,,,,,,,,,,,,815,-804,-804,
192040,2020-05-22 09:05:21,2020-05-22,09:05:21,SENSORS,,,,,,,,,,,,,,,815,-804,-804,
192040,2020-05-22 09:25:21,2020-05-22,09:25:21,SENSORS,,,,,,,,,,,,,,,815,-804,-804,
192040,2020-05-22 09:45:21,2020-05-22,09:45:21,SENSORS,,,,,,,,,,,,,,,815,-804,-804,
192040,2020-05-22 09:57:30,2020-05-22,09:57:30,GPS,0,3765,26,0,0.0,0.000000000000000,0.000000000000000,0,0,0,37,701,-1101,-684,448,-166,929,
192040,2020-05-22 10:05:21,2020-05-22,10:05:21,SENSORS,,,,,,,,,,,,,,,815,-804,-804,
192040,2020-05-22 10:25:21,2020-05-22,10:25:21,SENSORS,,,,,,,,,,,,,,,815,-804,-804,
192040,2020-05-22 10:45:21,2020-05-22,10:45:21,SENSORS,,,,,,,,,,,,,,,815,-804,-804,
192040,2020-05-22 10:57:30,2020-05-22,10:57:30,GPS,0,3776,29,0,0.0,0.000000000000000,0.000000000000000,0,0,0,36,901,-1028,-579,406,-232,938,
192040,2020-05-22 11:05:21,2020-05-22,11:05:21,SENSORS,,,,,,,,,,,,,,,815,-804,-804,
192040,2020-05-22 11:25:21,2020-05-22,11:25:21,SENSORS,,,,,,,,,,,,,,,815,-804,-804,
192040,2020-05-22 11:45:21,2020-05-22,11:45:21,SENSORS,,,,,,,,,,,,,,,815,-804,-804,
192040,2020-05-22 11:57:30,2020-05-22,11:57:30,GPS,0,3773,28,0,0.0,0.000000000000000,0.000000000000000,0,0,0,35,674,-993,-641,14,-145,1032,
192040,2020-05-22 12:05:21,2020-05-22,12:05:21,SENSORS,,,,,,,,,,,,,,,815,-804,-804,
192040,2020-05-22 12:25:21,2020-05-22,12:25:21,SENSORS,,,,,,,,,,,,,,,815,-804,-804,
192040,2020-05-22 12:45:21,2020-05-22,12:45:21,SENSORS,,,,,,,,,,,,,,,815,-804,-804,
192040,2020-05-22 12:57:30,2020-05-22,12:57:30,GPS,0,3771,27,0,0.0,0.000000000000000,0.000000000000000,0,0,0,35,708,-1011,-631,375,-300,933,
192040,2020-05-22 13:05:21,2020-05-22,13:05:21,SENSORS,,,,,,,,,,,,,,,815,-804,-804,
192040,2020-05-22 13:25:21,2020-05-22,13:25:21,SENSORS,,,,,,,,,,,,,,,815,-804,-804,
192040,2020-05-22 13:45:21,2020-05-22,13:45:21,SENSORS,,,,,,,,,,,,,,,815,-804,-804,
192040,2020-05-22 13:57:30,2020-05-22,13:57:30,GPS,0,3768,27,0,0.0,0.000000000000000,0.000000000000000,0,0,0,32,683,-1413,-665,259,17,1648,
192040,2020-05-22 14:05:21,2020-05-22,14:05:21,SENSORS,,,,,,,,,,,,,,,815,-804,-804,
192040,2020-05-22 14:25:21,2020-05-22,14:25:21,SENSORS,,,,,,,,,,,,,,,815,-804,-804,
192040,2020-05-22 14:45:21,2020-05-22,14:45:21,SENSORS,,,,,,,,,,,,,,,815,-804,-804,
192040,2020-05-22 14:56:41,2020-05-22,14:56:41,GPS,6,3773,28,0,1.9,31.820618000000000,35.111922999999997,827,0,0,26,1169,-903,-847,160,-667,784,
192040,2020-05-22 15:05:21,2020-05-22,15:05:21,SENSORS,,,,,,,,,,,,,,,815,-804,-804,
192040,2020-05-22 15:10:21,2020-05-22,15:10:21,SENSORS,,,,,,,,,,,,,,,815,-804,-804,
192040,2020-05-22 15:15:21,2020-05-22,15:15:21,SENSORS,,,,,,,,,,,,,,,815,-804,-804,
192040,2020-05-22 15:20:21,2020-05-22,15:20:21,SENSORS,,,,,,,,,,,,,,,815,-804,-804,
192040,2020-05-22 15:25:21,2020-05-22,15:25:21,SENSORS,,,,,,,,,,,,,,,815,-804,-804,
192040,2020-05-22 15:30:21,2020-05-22,15:30:21,SENSORS,,,,,,,,,,,,,,,815,-804,-804,
192040,2020-05-22 15:35:21,2020-05-22,15:35:21,SENSORS,,,,,,,,,,,,,,,815,-804,-804,
192040,2020-05-22 15:40:21,2020-05-22,15:40:21,SENSORS,,,,,,,,,,,,,,,815,-804,-804,
192040,2020-05-22 15:45:21,2020-05-22,15:45:21,SENSORS,,,,,,,,,,,,,,,815,-804,-804,
192040,2020-05-22 15:50:21,2020-05-22,15:50:21,SENSORS,,,,,,,,,,,,,,,815,-804,-804,
192040,2020-05-22 15:55:21,2020-05-22,15:55:21,SENSORS,,,,,,,,,,,,,,,815,-804,-804,
192040,2020-05-22 15:57:30,2020-05-22,15:57:30,GPS,0,3768,27,0,0.0,0.000000000000000,0.000000000000000,0,0,0,32,688,-915,-563,262,-385,935,
192040,2020-05-22 16:00:21,2020-05-22,16:00:21,SENSORS,,,,,,,,,,,,,,,815,-804,-804,
192040,2020-05-22 16:05:21,2020-05-22,16:05:21,SENSORS,,,,,,,,,,,,,,,815,-804,-804,
192040,2020-05-22 16:10:21,2020-05-22,16:10:21,SENSORS,,,,,,,,,,,,,,,815,-804,-804,
192040,2020-05-22 16:15:21,2020-05-22,16:15:21,SENSORS,,,,,,,,,,,,,,,815,-804,-804,
192040,2020-05-22 16:20:21,2020-05-22,16:20:21,SENSORS,,,,,,,,,,,,,,,815,-804,-804,
192040,2020-05-22 16:25:21,2020-05-22,16:25:21,SENSORS,,,,,,,,,,,,,,,815,-804,-804,
192040,2020-05-22 16:30:21,2020-05-22,16:30:21,SENSORS,,,,,,,,,,,,,,,815,-804,-804,
192040,2020-05-22 16:35:21,2020-05-22,16:35:21,SENSORS,,,,,,,,,,,,,,,815,-804,-804,
192040,2020-05-22 16:40:21,2020-05-22,16:40:21,SENSORS,,,,,,,,,,,,,,,815,-804,-804,
192040,2020-05-22 16:45:21,2020-05-22,16:45:21,SENSORS,,,,,,,,,,,,,,,815,-804,-804,
192040,2020-05-22 16:50:21,2020-05-22,16:50:21,SENSORS,,,,,,,,,,,,,,,815,-804,-804,
192040,2020-05-22 16:55:21,2020-05-22,16:55:21,SENSORS,,,,,,,,,,,,,,,815,-804,-804,
192040,2020-05-22 16:57:30,2020-05-22,16:57:30,GPS,0,3765,26,0,0.0,0.000000000000000,0.000000000000000,0,0,0,31,494,-1085,-1072,295,-142,990,
192040,2020-05-22 17:00:21,2020-05-22,17:00:21,SENSORS,,,,,,,,,,,,,,,815,-804,-804,
192040,2020-05-22 17:05:21,2020-05-22,17:05:21,SENSORS,,,,,,,,,,,,,,,815,-804,-804,
192040,2020-05-22 17:10:21,2020-05-22,17:10:21,SENSORS,,,,,,,,,,,,,,,815,-804,-804,
192040,2020-05-22 17:15:21,2020-05-22,17:15:21,SENSORS,,,,,,,,,,,,,,,815,-804,-804,
192040,2020-05-22 17:20:21,2020-05-22,17:20:21,SENSORS,,,,,,,,,,,,,,,815,-804,-804,
192040,2020-05-22 17:25:21,2020-05-22,17:25:21,SENSORS,,,,,,,,,,,,,,,815,-804,-804,
192040,2020-05-22 17:30:21,2020-05-22,17:30:21,SENSORS,,,,,,,,,,,,,,,815,-804,-804,
192040,2020-05-22 17:35:21,2020-05-22,17:35:21,SENSORS,,,,,,,,,,,,,,,815,-804,-804,
192040,2020-05-22 17:40:21,2020-05-22,17:40:21,SENSORS,,,,,,,,,,,,,,,815,-804,-804,
192040,2020-05-22 17:45:21,2020-05-22,17:45:21,SENSORS,,,,,,,,,,,,,,,815,-804,-804,
192040,2020-05-22 17:50:21,2020-05-22,17:50:21,SENSORS,,,,,,,,,,,,,,,815,-804,-804,
192040,2020-05-22 17:55:21,2020-05-22,17:55:21,SENSORS,,,,,,,,,,,,,,,815,-804,-804,
192040,2020-05-22 17:57:30,2020-05-22,17:57:30,GPS,0,3759,24,0,0.0,0.000000000000000,0.000000000000000,0,0,0,31,526,-630,-807,307,-258,985,
192040,2020-05-22 18:00:21,2020-05-22,18:00:21,SENSORS,,,,,,,,,,,,,,,815,-804,-804,
192040,2020-05-22 18:05:21,2020-05-22,18:05:21,SENSORS,,,,,,,,,,,,,,,815,-804,-804,
192040,2020-05-22 18:10:21,2020-05-22,18:10:21,SENSORS,,,,,,,,,,,,,,,815,-804,-804,
192040,2020-05-22 18:15:21,2020-05-22,18:15:21,SENSORS,,,,,,,,,,,,,,,815,-804,-804,
192040,2020-05-22 18:20:21,2020-05-22,18:20:21,SENSORS,,,,,,,,,,,,,,,815,-804,-804,
192040,2020-05-22 18:25:28,2020-05-22,18:25:28,GPS,0,3751,22,0,0.0,0.000000000000000,0.000000000000000,0,0,0,30,979,-785,-1118,221,-573,843,
192040,2020-05-23 00:25:28,2020-05-23,00:25:28,GPS,0,3742,19,0,0.0,0.000000000000000,0.000000000000000,0,0,0,29,1194,-1292,-1227,320,-403,901,
192040,2020-05-23 00:25:28,2020-05-23,00:25:28,SENSORS,,,,,,,,,,,,,,,815,-804,-804,
192040,2020-05-23 00:30:28,2020-05-23,00:30:28,SENSORS,,,,,,,,,,,,,,,815,-804,-804,
192040,2020-05-23 00:35:28,2020-05-23,00:35:28,SENSORS,,,,,,,,,,,,,,,815,-804,-804,
192040,2020-05-23 00:40:28,2020-05-23,00:40:28,SENSORS,,,,,,,,,,,,,,,815,-804,-804,
192040,2020-05-23 00:45:28,2020-05-23,00:45:28,SENSORS,,,,,,,,,,,,,,,815,-804,-804,
192040,2020-05-23 00:50:28,2020-05-23,00:50:28,SENSORS,,,,,,,,,,,,,,,815,-804,-804,
192040,2020-05-23 00:55:28,2020-05-23,00:55:28,SENSORS,,,,,,,,,,,,,,,815,-804,-804,
192040,2020-05-23 01:00:28,2020-05-23,01:00:28,SENSORS,,,,,,,,,,,,,,,815,-804,-804,
192040,2020-05-23 01:05:28,2020-05-23,01:05:28,SENSORS,,,,,,,,,,,,,,,815,-804,-804,
192040,2020-05-23 01:10:28,2020-05-23,01:10:28,SENSORS,,,,,,,,,,,,,,,815,-804,-804,
192040,2020-05-23 01:15:28,2020-05-23,01:15:28,SENSORS,,,,,,,,,,,,,,,815,-804,-804,
192040,2020-05-23 01:20:28,2020-05-23,01:20:28,SENSORS,,,,,,,,,,,,,,,815,-804,-804,
192040,2020-05-23 01:25:28,2020-05-23,01:25:28,SENSORS,,,,,,,,,,,,,,,815,-804,-804,
192040,2020-05-23 01:30:28,2020-05-23,01:30:28,SENSORS,,,,,,,,,,,,,,,815,-804,-804,
192040,2020-05-23 01:35:28,2020-05-23,01:35:28,SENSORS,,,,,,,,,,,,,,,815,-804,-804,
192040,2020-05-23 01:40:28,2020-05-23,01:40:28,SENSORS,,,,,,,,,,,,,,,815,-804,-804,
192040,2020-05-23 01:45:28,2020-05-23,01:45:28,SENSORS,,,,,,,,,,,,,,,815,-804,-804,
192040,2020-05-23 01:50:28,2020-05-23,01:50:28,SENSORS,,,,,,,,,,,,,,,815,-804,-804,
192040,2020-05-23 01:55:28,2020-05-23,01:55:28,SENSORS,,,,,,,,,,,,,,,815,-804,-804,
192040,2020-05-23 02:00:28,2020-05-23,02:00:28,SENSORS,,,,,,,,,,,,,,,815,-804,-804,
192040,2020-05-23 02:05:28,2020-05-23,02:05:28,SENSORS,,,,,,,,,,,,,,,815,-804,-804,
192040,2020-05-23 02:10:28,2020-05-23,02:10:28,SENSORS,,,,,,,,,,,,,,,815,-804,-804,
192040,2020-05-23 02:15:28,2020-05-23,02:15:28,SENSORS,,,,,,,,,,,,,,,815,-804,-804,
192040,2020-05-23 02:20:28,2020-05-23,02:20:28,SENSORS,,,,,,,,,,,,,,,815,-804,-804,
192040,2020-05-23 02:25:28,2020-05-23,02:25:28,SENSORS,,,,,,,,,,,,,,,815,-804,-804,
192040,2020-05-23 02:30:28,2020-05-23,02:30:28,SENSORS,,,,,,,,,,,,,,,815,-804,-804,
192040,2020-05-23 02:35:28,2020-05-23,02:35:28,SENSORS,,,,,,,,,,,,,,,815,-804,-804,
192040,2020-05-23 02:40:28,2020-05-23,02:40:28,SENSORS,,,,,,,,,,,,,,,815,-804,-804,
192040,2020-05-23 02:45:28,2020-05-23,02:45:28,SENSORS,,,,,,,,,,,,,,,815,-804,-804,
192040,2020-05-23 02:50:28,2020-05-23,02:50:28,SENSORS,,,,,,,,,,,,,,,815,-804,-804,
192040,2020-05-23 02:55:28,2020-05-23,02:55:28,SENSORS,,,,,,,,,,,,,,,815,-804,-804,
192040,2020-05-23 03:00:28,2020-05-23,03:00:28,SENSORS,,,,,,,,,,,,,,,815,-804,-804,
192040,2020-05-23 03:05:28,2020-05-23,03:05:28,SENSORS,,,,,,,,,,,,,,,815,-804,-804,
192040,2020-05-23 03:10:28,2020-05-23,03:10:28,SENSORS,,,,,,,,,,,,,,,815,-804,-804,
192040,2020-05-23 03:15:28,2020-05-23,03:15:28,SENSORS,,,,,,,,,,,,,,,815,-804,-804,
192040,2020-05-23 03:20:28,2020-05-23,03:20:28,SENSORS,,,,,,,,,,,,,,,815,-804,-804,
192040,2020-05-23 03:25:28,2020-05-23,03:25:28,SENSORS,,,,,,,,,,,,,,,815,-804,-804,
192040,2020-05-23 03:30:28,2020-05-23,03:30:28,SENSORS,,,,,,,,,,,,,,,815,-804,-804,
192040,2020-05-23 03:35:28,2020-05-23,03:35:28,SENSORS,,,,,,,,,,,,,,,815,-804,-804,
192040,2020-05-23 03:40:28,2020-05-23,03:40:28,SENSORS,,,,,,,,,,,,,,,815,-804,-804,
192040,2020-05-23 03:45:28,2020-05-23,03:45:28,SENSORS,,,,,,,,,,,,,,,815,-804,-804,
192040,2020-05-23 03:50:28,2020-05-23,03:50:28,SENSORS,,,,,,,,,,,,,,,815,-804,-804,
192040,2020-05-23 03:55:28,2020-05-23,03:55:28,SENSORS,,,,,,,,,,,,,,,815,-804,-804,
192040,2020-05-23 04:00:28,2020-05-23,04:00:28,SENSORS,,,,,,,,,,,,,,,815,-804,-804,
192040,2020-05-23 04:05:28,2020-05-23,04:05:28,SENSORS,,,,,,,,,,,,,,,815,-804,-804,
192040,2020-05-23 04:10:28,2020-05-23,04:10:28,SENSORS,,,,,,,,,,,,,,,815,-804,-804,
192040,2020-05-23 04:15:28,2020-05-23,04:15:28,SENSORS,,,,,,,,,,,,,,,815,-804,-804,
192040,2020-05-23 04:20:28,2020-05-23,04:20:28,SENSORS,,,,,,,,,,,,,,,815,-804,-804,
192040,2020-05-23 04:25:28,2020-05-23,04:25:28,SENSORS,,,,,,,,,,,,,,,815,-804,-804,
192040,2020-05-23 04:30:28,2020-05-23,04:30:28,SENSORS,,,,,,,,,,,,,,,815,-804,-804,
192040,2020-05-23 04:35:28,2020-05-23,04:35:28,SENSORS,,,,,,,,,,,,,,,815,-804,-804,
192040,2020-05-23 04:40:28,2020-05-23,04:40:28,SENSORS,,,,,,,,,,,,,,,815,-804,-804,
192040,2020-05-23 04:45:28,2020-05-23,04:45:28,SENSORS,,,,,,,,,,,,,,,815,-804,-804,
192040,2020-05-23 04:50:28,2020-05-23,04:50:28,SENSORS,,,,,,,,,,,,,,,815,-804,-804,
192040,2020-05-23 04:55:28,2020-05-23,04:55:28,SENSORS,,,,,,,,,,,,,,,815,-804,-804,
192040,2020-05-23 05:00:28,2020-05-23,05:00:28,SENSORS,,,,,,,,,,,,,,,815,-804,-804,
192040,2020-05-23 05:05:28,2020-05-23,05:05:28,SENSORS,,,,,,,,,,,,,,,815,-804,-804,
192040,2020-05-23 05:10:28,2020-05-23,05:10:28,SENSORS,,,,,,,,,,,,,,,815,-804,-804,
192040,2020-05-23 05:15:28,2020-05-23,05:15:28,SENSORS,,,,,,,,,,,,,,,815,-804,-804,
192040,2020-05-23 05:20:28,2020-05-23,05:20:28,SENSORS,,,,,,,,,,,,,,,815,-804,-804,
192040,2020-05-23 05:25:28,2020-05-23,05:25:28,SENSORS,,,,,,,,,,,,,,,815,-804,-804,
192040,2020-05-23 05:30:28,2020-05-23,05:30:28,SENSORS,,,,,,,,,,,,,,,815,-804,-804,
192040,2020-05-23 05:35:28,2020-05-23,05:35:28,SENSORS,,,,,,,,,,,,,,,815,-804,-804,
192040,2020-05-23 05:40:28,2020-05-23,05:40:28,SENSORS,,,,,,,,,,,,,,,815,-804,-804,
192040,2020-05-23 05:45:28,2020-05-23,05:45:28,SENSORS,,,,,,,,,,,,,,,815,-804,-804,
192040,2020-05-23 05:50:28,2020-05-23,05:50:28,SENSORS,,,,,,,,,,,,,,,815,-804,-804,
192040,2020-05-23 05:55:28,2020-05-23,05:55:28,SENSORS,,,,,,,,,,,,,,,815,-804,-804,
192040,2020-05-23 05:57:35,2020-05-23,05:57:35,GPS,0,3734,17,0,0.0,0.000000000000000,0.000000000000000,0,0,0,27,862,-980,-591,379,-266,952,
192040,2020-05-23 06:00:28,2020-05-23,06:00:28,SENSORS,,,,,,,,,,,,,,,815,-804,-804,
192040,2020-05-23 06:05:28,2020-05-23,06:05:28,SENSORS,,,,,,,,,,,,,,,815,-804,-804,
192040,2020-05-23 06:10:28,2020-05-23,06:10:28,SENSORS,,,,,,,,,,,,,,,815,-804,-804,
192040,2020-05-23 06:15:28,2020-05-23,06:15:28,SENSORS,,,,,,,,,,,,,,,815,-804,-804,
192040,2020-05-23 06:20:28,2020-05-23,06:20:28,SENSORS,,,,,,,,,,,,,,,815,-804,-804,
192040,2020-05-23 06:25:28,2020-05-23,06:25:28,SENSORS,,,,,,,,,,,,,,,815,-804,-804,
192040,2020-05-23 06:30:28,2020-05-23,06:30:28,SENSORS,,,,,,,,,,,,,,,815,-804,-804,
192040,2020-05-23 06:35:28,2020-05-23,06:35:28,SENSORS,,,,,,,,,,,,,,,815,-804,-804,
192040,2020-05-23 06:40:28,2020-05-23,06:40:28,SENSORS,,,,,,,,,,,,,,,815,-804,-804,
192040,2020-05-23 06:45:28,2020-05-23,06:45:28,SENSORS,,,,,,,,,,,,,,,815,-804,-804,
192040,2020-05-23 06:50:28,2020-05-23,06:50:28,SENSORS,,,,,,,,,,,,,,,815,-804,-804,
192040,2020-05-23 06:55:28,2020-05-23,06:55:28,SENSORS,,,,,,,,,,,,,,,815,-804,-804,
192040,2020-05-23 07:00:28,2020-05-23,07:00:28,SENSORS,,,,,,,,,,,,,,,815,-804,-804,
192040,2020-05-23 07:05:28,2020-05-23,07:05:28,SENSORS,,,,,,,,,,,,,,,815,-804,-804,
192040,2020-05-23 07:10:28,2020-05-23,07:10:28,SENSORS,,,,,,,,,,,,,,,815,-804,-804,
192040,2020-05-23 07:15:28,2020-05-23,07:15:28,SENSORS,,,,,,,,,,,,,,,815,-804,-804,
192040,2020-05-23 07:20:28,2020-05-23,07:20:28,SENSORS,,,,,,,,,,,,,,,815,-804,-804,
192040,2020-05-23 07:25:28,2020-05-23,07:25:28,SENSORS,,,,,,,,,,,,,,,815,-804,-804,
192040,2020-05-23 07:30:28,2020-05-23,07:30:28,SENSORS,,,,,,,,,,,,,,,815,-804,-804,
192040,2020-05-23 07:35:28,2020-05-23,07:35:28,SENSORS,,,,,,,,,,,,,,,815,-804,-804,
192040,2020-05-23 07:40:28,2020-05-23,07:40:28,SENSORS,,,,,,,,,,,,,,,815,-804,-804,
192040,2020-05-23 07:45:28,2020-05-23,07:45:28,SENSORS,,,,,,,,,,,,,,,815,-804,-804,
192040,2020-05-23 07:50:28,2020-05-23,07:50:28,SENSORS,,,,,,,,,,,,,,,815,-804,-804,
192040,2020-05-23 07:55:28,2020-05-23,07:55:28,SENSORS,,,,,,,,,,,,,,,815,-804,-804,
192040,2020-05-23 08:00:28,2020-05-23,08:00:28,SENSORS,,,,,,,,,,,,,,,815,-804,-804,
192040,2020-05-23 08:05:28,2020-05-23,08:05:28,SENSORS,,,,,,,,,,,,,,,815,-804,-804,
192040,2020-05-23 08:10:28,2020-05-23,08:10:28,SENSORS,,,,,,,,,,,,,,,815,-804,-804,
192040,2020-05-23 08:15:28,2020-05-23,08:15:28,SENSORS,,,,,,,,,,,,,,,815,-804,-804,
192040,2020-05-23 08:20:28,2020-05-23,08:20:28,SENSORS,,,,,,,,,,,,,,,815,-804,-804,
192040,2020-05-23 08:25:28,2020-05-23,08:25:28,SENSORS,,,,,,,,,,,,,,,815,-804,-804,
192040,2020-05-23 08:30:28,2020-05-23,08:30:28,SENSORS,,,,,,,,,,,,,,,815,-804,-804,
192040,2020-05-23 08:35:28,2020-05-23,08:35:28,SENSORS,,,,,,,,,,,,,,,815,-804,-804,
192040,2020-05-23 08:40:28,2020-05-23,08:40:28,SENSORS,,,,,,,,,,,,,,,815,-804,-804,
192040,2020-05-23 08:45:28,2020-05-23,08:45:28,SENSORS,,,,,,,,,,,,,,,815,-804,-804,
192040,2020-05-23 08:50:28,2020-05-23,08:50:28,SENSORS,,,,,,,,,,,,,,,815,-804,-804,
192040,2020-05-23 08:55:28,2020-05-23,08:55:28,SENSORS,,,,,,,,,,,,,,,815,-804,-804,
192040,2020-05-23 09:00:28,2020-05-23,09:00:28,SENSORS,,,,,,,,,,,,,,,815,-804,-804,
192040,2020-05-23 09:05:28,2020-05-23,09:05:28,SENSORS,,,,,,,,,,,,,,,815,-804,-804,
192040,2020-05-23 09:10:28,2020-05-23,09:10:28,SENSORS,,,,,,,,,,,,,,,815,-804,-804,
192040,2020-05-23 09:15:28,2020-05-23,09:15:28,SENSORS,,,,,,,,,,,,,,,815,-804,-804,
192040,2020-05-23 09:20:28,2020-05-23,09:20:28,SENSORS,,,,,,,,,,,,,,,815,-804,-804,
192040,2020-05-23 09:25:28,2020-05-23,09:25:28,SENSORS,,,,,,,,,,,,,,,815,-804,-804,
192040,2020-05-23 09:30:28,2020-05-23,09:30:28,SENSORS,,,,,,,,,,,,,,,815,-804,-804,
192040,2020-05-23 09:35:28,2020-05-23,09:35:28,SENSORS,,,,,,,,,,,,,,,815,-804,-804,
192040,2020-05-23 09:40:28,2020-05-23,09:40:28,SENSORS,,,,,,,,,,,,,,,815,-804,-804,
192040,2020-05-23 09:45:28,2020-05-23,09:45:28,SENSORS,,,,,,,,,,,,,,,815,-804,-804,
192040,2020-05-23 09:50:28,2020-05-23,09:50:28,SENSORS,,,,,,,,,,,,,,,815,-804,-804,
192040,2020-05-23 09:55:28,2020-05-23,09:55:28,SENSORS,,,,,,,,,,,,,,,815,-804,-804,
192040,2020-05-23 09:57:35,2020-05-23,09:57:35,GPS,0,3740,19,0,0.0,0.000000000000000,0.000000000000000,0,0,0,31,706,-1124,-714,554,-140,870,
192040,2020-05-23 10:00:28,2020-05-23,10:00:28,SENSORS,,,,,,,,,,,,,,,815,-804,-804,
192040,2020-05-23 10:05:28,2020-05-23,10:05:28,SENSORS,,,,,,,,,,,,,,,815,-804,-804,
192040,2020-05-23 10:10:28,2020-05-23,10:10:28,SENSORS,,,,,,,,,,,,,,,815,-804,-804,
192040,2020-05-23 10:15:28,2020-05-23,10:15:28,SENSORS,,,,,,,,,,,,,,,815,-804,-804,
192040,2020-05-23 10:20:28,2020-05-23,10:20:28,SENSORS,,,,,,,,,,,,,,,815,-804,-804,
192040,2020-05-23 10:25:28,2020-05-23,10:25:28,SENSORS,,,,,,,,,,,,,,,815,-804,-804,
192040,2020-05-23 10:30:28,2020-05-23,10:30:28,SENSORS,,,,,,,,,,,,,,,815,-804,-804,
192040,2020-05-23 10:35:28,2020-05-23,10:35:28,SENSORS,,,,,,,,,,,,,,,815,-804,-804,
192040,2020-05-23 10:40:28,2020-05-23,10:40:28,SENSORS,,,,,,,,,,,,,,,815,-804,-804,
192040,2020-05-23 10:45:28,2020-05-23,10:45:28,SENSORS,,,,,,,,,,,,,,,815,-804,-804,
192040,2020-05-23 10:50:28,2020-05-23,10:50:28,SENSORS,,,,,,,,,,,,,,,815,-804,-804,
192040,2020-05-23 10:55:28,2020-05-23,10:55:28,SENSORS,,,,,,,,,,,,,,,815,-804,-804,
192040,2020-05-23 11:00:28,2020-05-23,11:00:28,SENSORS,,,,,,,,,,,,,,,815,-804,-804,
192040,2020-05-23 11:05:28,2020-05-23,11:05:28,SENSORS,,,,,,,,,,,,,,,815,-804,-804,
192040,2020-05-23 11:10:28,2020-05-23,11:10:28,SENSORS,,,,,,,,,,,,,,,815,-804,-804,
192040,2020-05-23 11:15:28,2020-05-23,11:15:28,SENSORS,,,,,,,,,,,,,,,815,-804,-804,
192040,2020-05-23 11:20:28,2020-05-23,11:20:28,SENSORS,,,,,,,,,,,,,,,815,-804,-804,
192040,2020-05-23 11:25:28,2020-05-23,11:25:28,SENSORS,,,,,,,,,,,,,,,815,-804,-804,
192040,2020-05-23 11:30:28,2020-05-23,11:30:28,SENSORS,,,,,,,,,,,,,,,815,-804,-804,
192040,2020-05-23 11:35:28,2020-05-23,11:35:28,SENSORS,,,,,,,,,,,,,,,815,-804,-804,
192040,2020-05-23 11:40:28,2020-05-23,11:40:28,SENSORS,,,,,,,,,,,,,,,815,-804,-804,
192040,2020-05-23 11:45:28,2020-05-23,11:45:28,SENSORS,,,,,,,,,,,,,,,815,-804,-804,
192040,2020-05-23 11:50:28,2020-05-23,11:50:28,SENSORS,,,,,,,,,,,,,,,815,-804,-804,
192040,2020-05-23 11:55:28,2020-05-23,11:55:28,SENSORS,,,,,,,,,,,,,,,815,-804,-804,
192040,2020-05-23 12:00:28,2020-05-23,12:00:28,SENSORS,,,,,,,,,,,,,,,815,-804,-804,
192040,2020-05-23 12:05:28,2020-05-23,12:05:28,SENSORS,,,,,,,,,,,,,,,815,-804,-804,
192040,2020-05-23 12:10:28,2020-05-23,12:10:28,SENSORS,,,,,,,,,,,,,,,815,-804,-804,
192040,2020-05-23 12:15:28,2020-05-23,12:15:28,SENSORS,,,,,,,,,,,,,,,815,-804,-804,
192040,2020-05-23 12:20:28,2020-05-23,12:20:28,SENSORS,,,,,,,,,,,,,,,815,-804,-804,
192040,2020-05-23 12:25:28,2020-05-23,12:25:28,SENSORS,,,,,,,,,,,,,,,815,-804,-804,
192040,2020-05-23 12:30:28,2020-05-23,12:30:28,SENSORS,,,,,,,,,,,,,,,815,-804,-804,
192040,2020-05-23 12:35:28,2020-05-23,12:35:28,SENSORS,,,,,,,,,,,,,,,815,-804,-804,
192040,2020-05-23 12:40:28,2020-05-23,12:40:28,SENSORS,,,,,,,,,,,,,,,815,-804,-804,
192040,2020-05-23 12:45:28,2020-05-23,12:45:28,SENSORS,,,,,,,,,,,,,,,815,-804,-804,
192040,2020-05-23 12:50:28,2020-05-23,12:50:28,SENSORS,,,,,,,,,,,,,,,815,-804,-804,
192040,2020-05-23 12:55:28,2020-05-23,12:55:28,SENSORS,,,,,,,,,,,,,,,815,-804,-804,
192040,2020-05-23 13:00:28,2020-05-23,13:00:28,SENSORS,,,,,,,,,,,,,,,815,-804,-804,
192040,2020-05-23 13:05:28,2020-05-23,13:05:28,SENSORS,,,,,,,,,,,,,,,815,-804,-804,
192040,2020-05-23 13:10:28,2020-05-23,13:10:28,SENSORS,,,,,,,,,,,,,,,815,-804,-804,
192040,2020-05-23 13:15:28,2020-05-23,13:15:28,SENSORS,,,,,,,,,,,,,,,815,-804,-804,
192040,2020-05-23 13:20:28,2020-05-23,13:20:28,SENSORS,,,,,,,,,,,,,,,815,-804,-804,
192040,2020-05-23 13:25:28,2020-05-23,13:25:28,SENSORS,,,,,,,,,,,,,,,815,-804,-804,
192040,2020-05-23 13:30:28,2020-05-23,13:30:28,SENSORS,,,,,,,,,,,,,,,815,-804,-804,
192040,2020-05-23 13:35:28,2020-05-23,13:35:28,SENSORS,,,,,,,,,,,,,,,815,-804,-804,
192040,2020-05-23 13:40:28,2020-05-23,13:40:28,SENSORS,,,,,,,,,,,,,,,815,-804,-804,
192040,2020-05-23 13:45:28,2020-05-23,13:45:28,SENSORS,,,,,,,,,,,,,,,815,-804,-804,
192040,2020-05-23 13:50:28,2020-05-23,13:50:28,SENSORS,,,,,,,,,,,,,,,815,-804,-804,
192040,2020-05-23 13:55:28,2020-05-23,13:55:28,SENSORS,,,,,,,,,,,,,,,815,-804,-804,
192040,2020-05-23 13:57:35,2020-05-23,13:57:35,GPS,0,3748,21,0,0.0,0.000000000000000,0.000000000000000,0,0,0,29,718,-1099,-699,402,-276,923,
192040,2020-05-23 14:00:28,2020-05-23,14:00:28,SENSORS,,,,,,,,,,,,,,,815,-804,-804,
192040,2020-05-23 14:05:28,2020-05-23,14:05:28,SENSORS,,,,,,,,,,,,,,,815,-804,-804,
192040,2020-05-23 14:10:28,2020-05-23,14:10:28,SENSORS,,,,,,,,,,,,,,,815,-804,-804,
192040,2020-05-23 14:15:28,2020-05-23,14:15:28,SENSORS,,,,,,,,,,,,,,,815,-804,-804,
192040,2020-05-23 14:20:28,2020-05-23,14:20:28,SENSORS,,,,,,,,,,,,,,,815,-804,-804,
192040,2020-05-23 14:25:28,2020-05-23,14:25:28,SENSORS,,,,,,,,,,,,,,,815,-804,-804,
192040,2020-05-23 14:30:28,2020-05-23,14:30:28,SENSORS,,,,,,,,,,,,,,,815,-804,-804,
192040,2020-05-23 14:35:28,2020-05-23,14:35:28,SENSORS,,,,,,,,,,,,,,,815,-804,-804,
192040,2020-05-23 14:40:28,2020-05-23,14:40:28,SENSORS,,,,,,,,,,,,,,,815,-804,-804,
192040,2020-05-23 14:45:28,2020-05-23,14:45:28,SENSORS,,,,,,,,,,,,,,,815,-804,-804,
192040,2020-05-23 14:50:28,2020-05-23,14:50:28,SENSORS,,,,,,,,,,,,,,,815,-804,-804,
192040,2020-05-23 14:55:28,2020-05-23,14:55:28,SENSORS,,,,,,,,,,,,,,,815,-804,-804,
192040,2020-05-23 15:00:28,2020-05-23,15:00:28,SENSORS,,,,,,,,,,,,,,,815,-804,-804,
192040,2020-05-23 15:05:28,2020-05-23,15:05:28,SENSORS,,,,,,,,,,,,,,,815,-804,-804,
192040,2020-05-23 15:10:28,2020-05-23,15:10:28,SENSORS,,,,,,,,,,,,,,,815,-804,-804,
192040,2020-05-23 15:15:28,2020-05-23,15:15:28,SENSORS,,,,,,,,,,,,,,,815,-804,-804,
192040,2020-05-23 15:20:28,2020-05-23,15:20:28,SENSORS,,,,,,,,,,,,,,,815,-804,-804,
192040,2020-05-23 15:25:28,2020-05-23,15:25:28,SENSORS,,,,,,,,,,,,,,,815,-804,-804,
192040,2020-05-23 15:30:28,2020-05-23,15:30:28,SENSORS,,,,,,,,,,,,,,,815,-804,-804,
192040,2020-05-23 15:35:28,2020-05-23,15:35:28,SENSORS,,,,,,,,,,,,,,,815,-804,-804,
192040,2020-05-23 15:40:28,2020-05-23,15:40:28,SENSORS,,,,,,,,,,,,,,,815,-804,-804,
192040,2020-05-23 15:45:28,2020-05-23,15:45:28,SENSORS,,,,,,,,,,,,,,,815,-804,-804,
192040,2020-05-23 15:50:28,2020-05-23,15:50:28,SENSORS,,,,,,,,,,,,,,,815,-804,-804,
192040,2020-05-23 15:55:28,2020-05-23,15:55:28,SENSORS,,,,,,,,,,,,,,,815,-804,-804,
192040,2020-05-23 16:00:28,2020-05-23,16:00:28,SENSORS,,,,,,,,,,,,,,,815,-804,-804,
192040,2020-05-23 16:05:28,2020-05-23,16:05:28,SENSORS,,,,,,,,,,,,,,,815,-804,-804,
192040,2020-05-23 16:10:28,2020-05-23,16:10:28,SENSORS,,,,,,,,,,,,,,,815,-804,-804,
192040,2020-05-23 16:15:28,2020-05-23,16:15:28,SENSORS,,,,,,,,,,,,,,,815,-804,-804,
192040,2020-05-23 16:20:28,2020-05-23,16:20:28,SENSORS,,,,,,,,,,,,,,,815,-804,-804,
192040,2020-05-23 16:25:28,2020-05-23,16:25:28,SENSORS,,,,,,,,,,,,,,,815,-804,-804,
192040,2020-05-23 16:30:28,2020-05-23,16:30:28,SENSORS,,,,,,,,,,,,,,,815,-804,-804,
192040,2020-05-23 16:35:28,2020-05-23,16:35:28,SENSORS,,,,,,,,,,,,,,,815,-804,-804,
192040,2020-05-23 16:40:28,2020-05-23,16:40:28,SENSORS,,,,,,,,,,,,,,,815,-804,-804,
192040,2020-05-23 16:45:28,2020-05-23,16:45:28,SENSORS,,,,,,,,,,,,,,,815,-804,-804,
192040,2020-05-23 16:50:28,2020-05-23,16:50:28,SENSORS,,,,,,,,,,,,,,,815,-804,-804,
192040,2020-05-23 16:55:28,2020-05-23,16:55:28,SENSORS,,,,,,,,,,,,,,,815,-804,-804,
192040,2020-05-23 17:00:28,2020-05-23,17:00:28,SENSORS,,,,,,,,,,,,,,,815,-804,-804,
192040,2020-05-23 17:05:28,2020-05-23,17:05:28,SENSORS,,,,,,,,,,,,,,,815,-804,-804,
192040,2020-05-23 17:10:28,2020-05-23,17:10:28,SENSORS,,,,,,,,,,,,,,,815,-804,-804,
192040,2020-05-23 17:15:28,2020-05-23,17:15:28,SENSORS,,,,,,,,,,,,,,,815,-804,-804,
192040,2020-05-23 17:20:28,2020-05-23,17:20:28,SENSORS,,,,,,,,,,,,,,,815,-804,-804,
192040,2020-05-23 17:25:28,2020-05-23,17:25:28,SENSORS,,,,,,,,,,,,,,,815,-804,-804,
192040,2020-05-23 17:30:28,2020-05-23,17:30:28,SENSORS,,,,,,,,,,,,,,,815,-804,-804,
192040,2020-05-23 17:35:28,2020-05-23,17:35:28,SENSORS,,,,,,,,,,,,,,,815,-804,-804,
192040,2020-05-23 17:40:28,2020-05-23,17:40:28,SENSORS,,,,,,,,,,,,,,,815,-804,-804,
192040,2020-05-23 17:45:28,2020-05-23,17:45:28,SENSORS,,,,,,,,,,,,,,,815,-804,-804,
192040,2020-05-23 17:50:28,2020-05-23,17:50:28,SENSORS,,,,,,,,,,,,,,,815,-804,-804,
192040,2020-05-23 17:55:28,2020-05-23,17:55:28,SENSORS,,,,,,,,,,,,,,,815,-804,-804,
192040,2020-05-23 17:57:35,2020-05-23,17:57:35,GPS,0,3768,27,0,0.0,0.000000000000000,0.000000000000000,0,0,0,28,1040,-877,-1012,-258,-376,942,
192040,2020-05-23 18:00:28,2020-05-23,18:00:28,SENSORS,,,,,,,,,,,,,,,815,-804,-804,
192040,2020-05-23 18:05:28,2020-05-23,18:05:28,SENSORS,,,,,,,,,,,,,,,815,-804,-804,
192040,2020-05-23 18:10:28,2020-05-23,18:10:28,SENSORS,,,,,,,,,,,,,,,815,-804,-804,
192040,2020-05-23 18:15:28,2020-05-23,18:15:28,SENSORS,,,,,,,,,,,,,,,815,-804,-804,
192040,2020-05-23 18:20:28,2020-05-23,18:20:28,SENSORS,,,,,,,,,,,,,,,815,-804,-804,
192040,2020-05-23 18:25:35,2020-05-23,18:25:35,GPS,0,3759,24,0,0.0,0.000000000000000,0.000000000000000,0,0,0,28,960,-1147,-954,22,-382,967,
192040,2020-05-24 00:25:35,2020-05-24,00:25:35,GPS,0,3751,22,0,0.0,0.000000000000000,0.000000000000000,0,0,0,26,941,-1128,-925,-38,-461,942,
192040,2020-05-24 00:25:35,2020-05-24,00:25:35,SENSORS,,,,,,,,,,,,,,,815,-804,-804,
192040,2020-05-24 00:30:35,2020-05-24,00:30:35,SENSORS,,,,,,,,,,,,,,,815,-804,-804,
192040,2020-05-24 00:35:35,2020-05-24,00:35:35,SENSORS,,,,,,,,,,,,,,,815,-804,-804,
192040,2020-05-24 00:40:35,2020-05-24,00:40:35,SENSORS,,,,,,,,,,,,,,,815,-804,-804,
192040,2020-05-24 00:45:35,2020-05-24,00:45:35,SENSORS,,,,,,,,,,,,,,,815,-804,-804,
192040,2020-05-24 00:50:35,2020-05-24,00:50:35,SENSORS,,,,,,,,,,,,,,,815,-804,-804,
192040,2020-05-24 00:55:35,2020-05-24,00:55:35,SENSORS,,,,,,,,,,,,,,,815,-804,-804,
192040,2020-05-24 01:00:35,2020-05-24,01:00:35,SENSORS,,,,,,,,,,,,,,,815,-804,-804,
192040,2020-05-24 01:05:35,2020-05-24,01:05:35,SENSORS,,,,,,,,,,,,,,,815,-804,-804,
192040,2020-05-24 01:10:35,2020-05-24,01:10:35,SENSORS,,,,,,,,,,,,,,,815,-804,-804,
192040,2020-05-24 01:15:35,2020-05-24,01:15:35,SENSORS,,,,,,,,,,,,,,,815,-804,-804,
192040,2020-05-24 01:20:35,2020-05-24,01:20:35,SENSORS,,,,,,,,,,,,,,,815,-804,-804,
192040,2020-05-24 01:25:35,2020-05-24,01:25:35,SENSORS,,,,,,,,,,,,,,,815,-804,-804,
192040,2020-05-24 01:30:35,2020-05-24,01:30:35,SENSORS,,,,,,,,,,,,,,,815,-804,-804,
192040,2020-05-24 01:35:35,2020-05-24,01:35:35,SENSORS,,,,,,,,,,,,,,,815,-804,-804,
192040,2020-05-24 01:40:35,2020-05-24,01:40:35,SENSORS,,,,,,,,,,,,,,,815,-804,-804,
192040,2020-05-24 01:45:35,2020-05-24,01:45:35,SENSORS,,,,,,,,,,,,,,,815,-804,-804,
192040,2020-05-24 01:50:35,2020-05-24,01:50:35,SENSORS,,,,,,,,,,,,,,,815,-804,-804,
192040,2020-05-24 01:55:35,2020-05-24,01:55:35,SENSORS,,,,,,,,,,,,,,,815,-804,-804,
192040,2020-05-24 02:00:35,2020-05-24,02:00:35,SENSORS,,,,,,,,,,,,,,,815,-804,-804,
192040,2020-05-24 02:05:35,2020-05-24,02:05:35,SENSORS,,,,,,,,,,,,,,,815,-804,-804,
192040,2020-05-24 02:10:35,2020-05-24,02:10:35,SENSORS,,,,,,,,,,,,,,,815,-804,-804,
192040,2020-05-24 02:15:35,2020-05-24,02:15:35,SENSORS,,,,,,,,,,,,,,,815,-804,-804,
192040,2020-05-24 02:20:35,2020-05-24,02:20:35,SENSORS,,,,,,,,,,,,,,,815,-804,-804,
192040,2020-05-24 02:25:35,2020-05-24,02:25:35,SENSORS,,,,,,,,,,,,,,,815,-804,-804,
192040,2020-05-24 02:30:35,2020-05-24,02:30:35,SENSORS,,,,,,,,,,,,,,,815,-804,-804,
192040,2020-05-24 02:35:35,2020-05-24,02:35:35,SENSORS,,,,,,,,,,,,,,,815,-804,-804,
192040,2020-05-24 02:40:35,2020-05-24,02:40:35,SENSORS,,,,,,,,,,,,,,,815,-804,-804,
192040,2020-05-24 02:45:35,2020-05-24,02:45:35,SENSORS,,,,,,,,,,,,,,,815,-804,-804,
192040,2020-05-24 02:50:35,2020-05-24,02:50:35,SENSORS,,,,,,,,,,,,,,,815,-804,-804,
192040,2020-05-24 02:55:35,2020-05-24,02:55:35,SENSORS,,,,,,,,,,,,,,,815,-804,-804,
192040,2020-05-24 03:00:35,2020-05-24,03:00:35,SENSORS,,,,,,,,,,,,,,,815,-804,-804,
192040,2020-05-24 03:05:35,2020-05-24,03:05:35,SENSORS,,,,,,,,,,,,,,,815,-804,-804,
192040,2020-05-24 03:10:35,2020-05-24,03:10:35,SENSORS,,,,,,,,,,,,,,,815,-804,-804,
192040,2020-05-24 03:15:35,2020-05-24,03:15:35,SENSORS,,,,,,,,,,,,,,,815,-804,-804,
192040,2020-05-24 03:20:35,2020-05-24,03:20:35,SENSORS,,,,,,,,,,,,,,,815,-804,-804,
192040,2020-05-24 03:25:35,2020-05-24,03:25:35,SENSORS,,,,,,,,,,,,,,,815,-804,-804,
192040,2020-05-24 03:30:35,2020-05-24,03:30:35,SENSORS,,,,,,,,,,,,,,,815,-804,-804,
192040,2020-05-24 03:35:35,2020-05-24,03:35:35,SENSORS,,,,,,,,,,,,,,,815,-804,-804,
192040,2020-05-24 03:40:35,2020-05-24,03:40:35,SENSORS,,,,,,,,,,,,,,,815,-804,-804,
192040,2020-05-24 03:45:35,2020-05-24,03:45:35,SENSORS,,,,,,,,,,,,,,,815,-804,-804,
192040,2020-05-24 03:50:35,2020-05-24,03:50:35,SENSORS,,,,,,,,,,,,,,,815,-804,-804,
192040,2020-05-24 03:55:35,2020-05-24,03:55:35,SENSORS,,,,,,,,,,,,,,,815,-804,-804,
192040,2020-05-24 04:00:35,2020-05-24,04:00:35,SENSORS,,,,,,,,,,,,,,,815,-804,-804,
192040,2020-05-24 04:05:35,2020-05-24,04:05:35,SENSORS,,,,,,,,,,,,,,,815,-804,-804,
192040,2020-05-24 04:10:35,2020-05-24,04:10:35,SENSORS,,,,,,,,,,,,,,,815,-804,-804,
192040,2020-05-24 04:15:35,2020-05-24,04:15:35,SENSORS,,,,,,,,,,,,,,,815,-804,-804,
192040,2020-05-24 04:20:35,2020-05-24,04:20:35,SENSORS,,,,,,,,,,,,,,,815,-804,-804,
192040,2020-05-24 04:25:35,2020-05-24,04:25:35,SENSORS,,,,,,,,,,,,,,,815,-804,-804,
192040,2020-05-24 04:30:35,2020-05-24,04:30:35,SENSORS,,,,,,,,,,,,,,,815,-804,-804,
192040,2020-05-24 04:35:35,2020-05-24,04:35:35,SENSORS,,,,,,,,,,,,,,,815,-804,-804,
192040,2020-05-24 04:40:35,2020-05-24,04:40:35,SENSORS,,,,,,,,,,,,,,,815,-804,-804,
192040,2020-05-24 04:45:35,2020-05-24,04:45:35,SENSORS,,,,,,,,,,,,,,,815,-804,-804,
192040,2020-05-24 04:50:35,2020-05-24,04:50:35,SENSORS,,,,,,,,,,,,,,,815,-804,-804,
192040,2020-05-24 04:55:35,2020-05-24,04:55:35,SENSORS,,,,,,,,,,,,,,,815,-804,-804,
192040,2020-05-24 05:00:35,2020-05-24,05:00:35,SENSORS,,,,,,,,,,,,,,,815,-804,-804,
192040,2020-05-24 05:05:35,2020-05-24,05:05:35,SENSORS,,,,,,,,,,,,,,,815,-804,-804,
192040,2020-05-24 05:10:35,2020-05-24,05:10:35,SENSORS,,,,,,,,,,,,,,,815,-804,-804,
192040,2020-05-24 05:15:35,2020-05-24,05:15:35,SENSORS,,,,,,,,,,,,,,,815,-804,-804,
192040,2020-05-24 05:20:35,2020-05-24,05:20:35,SENSORS,,,,,,,,,,,,,,,815,-804,-804,
192040,2020-05-24 05:25:35,2020-05-24,05:25:35,SENSORS,,,,,,,,,,,,,,,815,-804,-804,
192040,2020-05-24 05:30:35,2020-05-24,05:30:35,SENSORS,,,,,,,,,,,,,,,815,-804,-804,
192040,2020-05-24 05:35:35,2020-05-24,05:35:35,SENSORS,,,,,,,,,,,,,,,815,-804,-804,
192040,2020-05-24 05:40:35,2020-05-24,05:40:35,SENSORS,,,,,,,,,,,,,,,815,-804,-804,
192040,2020-05-24 05:45:35,2020-05-24,05:45:35,SENSORS,,,,,,,,,,,,,,,815,-804,-804,
192040,2020-05-24 05:50:35,2020-05-24,05:50:35,SENSORS,,,,,,,,,,,,,,,815,-804,-804,
192040,2020-05-24 05:55:35,2020-05-24,05:55:35,SENSORS,,,,,,,,,,,,,,,815,-804,-804,
192040,2020-05-24 05:57:40,2020-05-24,05:57:40,GPS,0,3737,18,0,0.0,0.000000000000000,0.000000000000000,0,0,0,26,661,-1182,-638,51,-657,797,
192040,2020-05-24 06:00:35,2020-05-24,06:00:35,SENSORS,,,,,,,,,,,,,,,815,-804,-804,
192040,2020-05-24 06:05:35,2020-05-24,06:05:35,SENSORS,,,,,,,,,,,,,,,815,-804,-804,
192040,2020-05-24 06:10:35,2020-05-24,06:10:35,SENSORS,,,,,,,,,,,,,,,815,-804,-804,
192040,2020-05-24 06:15:35,2020-05-24,06:15:35,SENSORS,,,,,,,,,,,,,,,815,-804,-804,
192040,2020-05-24 06:20:35,2020-05-24,06:20:35,SENSORS,,,,,,,,,,,,,,,815,-804,-804,
192040,2020-05-24 06:25:35,2020-05-24,06:25:35,SENSORS,,,,,,,,,,,,,,,815,-804,-804,
192040,2020-05-24 06:30:35,2020-05-24,06:30:35,SENSORS,,,,,,,,,,,,,,,815,-804,-804,
192040,2020-05-24 06:35:35,2020-05-24,06:35:35,SENSORS,,,,,,,,,,,,,,,815,-804,-804,
192040,2020-05-24 06:40:35,2020-05-24,06:40:35,SENSORS,,,,,,,,,,,,,,,815,-804,-804,
192040,2020-05-24 06:45:35,2020-05-24,06:45:35,SENSORS,,,,,,,,,,,,,,,815,-804,-804,
192040,2020-05-24 06:50:35,2020-05-24,06:50:35,SENSORS,,,,,,,,,,,,,,,815,-804,-804,
192040,2020-05-24 06:55:35,2020-05-24,06:55:35,SENSORS,,,,,,,,,,,,,,,815,-804,-804,
192040,2020-05-24 07:00:35,2020-05-24,07:00:35,SENSORS,,,,,,,,,,,,,,,815,-804,-804,
192040,2020-05-24 07:05:35,2020-05-24,07:05:35,SENSORS,,,,,,,,,,,,,,,815,-804,-804,
192040,2020-05-24 07:10:35,2020-05-24,07:10:35,SENSORS,,,,,,,,,,,,,,,815,-804,-804,
192040,2020-05-24 07:15:35,2020-05-24,07:15:35,SENSORS,,,,,,,,,,,,,,,815,-804,-804,
192040,2020-05-24 07:20:35,2020-05-24,07:20:35,SENSORS,,,,,,,,,,,,,,,815,-804,-804,
192040,2020-05-24 07:25:35,2020-05-24,07:25:35,SENSORS,,,,,,,,,,,,,,,815,-804,-804,
192040,2020-05-24 07:30:35,2020-05-24,07:30:35,SENSORS,,,,,,,,,,,,,,,815,-804,-804,
192040,2020-05-24 07:35:35,2020-05-24,07:35:35,SENSORS,,,,,,,,,,,,,,,815,-804,-804,
192040,2020-05-24 07:40:35,2020-05-24,07:40:35,SENSORS,,,,,,,,,,,,,,,815,-804,-804,
192040,2020-05-24 07:45:35,2020-05-24,07:45:35,SENSORS,,,,,,,,,,,,,,,815,-804,-804,
192040,2020-05-24 07:50:35,2020-05-24,07:50:35,SENSORS,,,,,,,,,,,,,,,815,-804,-804,
192040,2020-05-24 07:55:35,2020-05-24,07:55:35,SENSORS,,,,,,,,,,,,,,,815,-804,-804,
192040,2020-05-24 08:00:35,2020-05-24,08:00:35,SENSORS,,,,,,,,,,,,,,,815,-804,-804,
192040,2020-05-24 08:05:35,2020-05-24,08:05:35,SENSORS,,,,,,,,,,,,,,,815,-804,-804,
192040,2020-05-24 08:10:35,2020-05-24,08:10:35,SENSORS,,,,,,,,,,,,,,,815,-804,-804,
192040,2020-05-24 08:15:35,2020-05-24,08:15:35,SENSORS,,,,,,,,,,,,,,,815,-804,-804,
192040,2020-05-24 08:20:35,2020-05-24,08:20:35,SENSORS,,,,,,,,,,,,,,,815,-804,-804,
192040,2020-05-24 08:25:35,2020-05-24,08:25:35,SENSORS,,,,,,,,,,,,,,,815,-804,-804,
192040,2020-05-24 08:30:35,2020-05-24,08:30:35,SENSORS,,,,,,,,,,,,,,,815,-804,-804,
192040,2020-05-24 08:35:35,2020-05-24,08:35:35,SENSORS,,,,,,,,,,,,,,,815,-804,-804,
192040,2020-05-24 08:40:35,2020-05-24,08:40:35,SENSORS,,,,,,,,,,,,,,,815,-804,-804,
192040,2020-05-24 08:45:35,2020-05-24,08:45:35,SENSORS,,,,,,,,,,,,,,,815,-804,-804,
192040,2020-05-24 08:50:35,2020-05-24,08:50:35,SENSORS,,,,,,,,,,,,,,,815,-804,-804,
192040,2020-05-24 08:55:35,2020-05-24,08:55:35,SENSORS,,,,,,,,,,,,,,,815,-804,-804,
192040,2020-05-24 09:00:35,2020-05-24,09:00:35,SENSORS,,,,,,,,,,,,,,,815,-804,-804,
192040,2020-05-24 09:05:35,2020-05-24,09:05:35,SENSORS,,,,,,,,,,,,,,,815,-804,-804,
192040,2020-05-24 09:10:35,2020-05-24,09:10:35,SENSORS,,,,,,,,,,,,,,,815,-804,-804,
192040,2020-05-24 09:15:35,2020-05-24,09:15:35,SENSORS,,,,,,,,,,,,,,,815,-804,-804,
192040,2020-05-24 09:20:35,2020-05-24,09:20:35,SENSORS,,,,,,,,,,,,,,,815,-804,-804,
192040,2020-05-24 09:25:35,2020-05-24,09:25:35,SENSORS,,,,,,,,,,,,,,,815,-804,-804,
192040,2020-05-24 09:30:35,2020-05-24,09:30:35,SENSORS,,,,,,,,,,,,,,,815,-804,-804,
192040,2020-05-24 09:35:35,2020-05-24,09:35:35,SENSORS,,,,,,,,,,,,,,,815,-804,-804,
192040,2020-05-24 09:40:35,2020-05-24,09:40:35,SENSORS,,,,,,,,,,,,,,,815,-804,-804,
192040,2020-05-24 09:45:35,2020-05-24,09:45:35,SENSORS,,,,,,,,,,,,,,,815,-804,-804,
192040,2020-05-24 09:50:35,2020-05-24,09:50:35,SENSORS,,,,,,,,,,,,,,,815,-804,-804,
192040,2020-05-24 09:55:35,2020-05-24,09:55:35,SENSORS,,,,,,,,,,,,,,,815,-804,-804,
192040,2020-05-24 09:57:40,2020-05-24,09:57:40,GPS,0,3748,21,0,0.0,0.000000000000000,0.000000000000000,0,0,0,27,665,-962,-625,-17,-229,1009,
192040,2020-05-24 10:00:35,2020-05-24,10:00:35,SENSORS,,,,,,,,,,,,,,,815,-804,-804,
192040,2020-05-24 10:05:35,2020-05-24,10:05:35,SENSORS,,,,,,,,,,,,,,,815,-804,-804,
192040,2020-05-24 10:10:35,2020-05-24,10:10:35,SENSORS,,,,,,,,,,,,,,,815,-804,-804,
192040,2020-05-24 10:15:35,2020-05-24,10:15:35,SENSORS,,,,,,,,,,,,,,,815,-804,-804,
192040,2020-05-24 10:20:35,2020-05-24,10:20:35,SENSORS,,,,,,,,,,,,,,,815,-804,-804,
192040,2020-05-24 10:25:35,2020-05-24,10:25:35,SENSORS,,,,,,,,,,,,,,,815,-804,-804,
192040,2020-05-24 10:30:35,2020-05-24,10:30:35,SENSORS,,,,,,,,,,,,,,,815,-804,-804,
192040,2020-05-24 10:35:35,2020-05-24,10:35:35,SENSORS,,,,,,,,,,,,,,,815,-804,-804,
192040,2020-05-24 10:40:35,2020-05-24,10:40:35,SENSORS,,,,,,,,,,,,,,,815,-804,-804,
192040,2020-05-24 10:45:35,2020-05-24,10:45:35,SENSORS,,,,,,,,,,,,,,,815,-804,-804,
192040,2020-05-24 10:50:35,2020-05-24,10:50:35,SENSORS,,,,,,,,,,,,,,,815,-804,-804,
192040,2020-05-24 10:55:35,2020-05-24,10:55:35,SENSORS,,,,,,,,,,,,,,,815,-804,-804,
192040,2020-05-24 11:00:35,2020-05-24,11:00:35,SENSORS,,,,,,,,,,,,,,,815,-804,-804,
192040,2020-05-24 11:05:35,2020-05-24,11:05:35,SENSORS,,,,,,,,,,,,,,,815,-804,-804,
192040,2020-05-24 11:10:35,2020-05-24,11:10:35,SENSORS,,,,,,,,,,,,,,,815,-804,-804,
192040,2020-05-24 11:15:35,2020-05-24,11:15:35,SENSORS,,,,,,,,,,,,,,,815,-804,-804,
192040,2020-05-24 11:20:35,2020-05-24,11:20:35,SENSORS,,,,,,,,,,,,,,,815,-804,-804,
192040,2020-05-24 11:25:35,2020-05-24,11:25:35,SENSORS,,,,,,,,,,,,,,,815,-804,-804,
192040,2020-05-24 11:30:35,2020-05-24,11:30:35,SENSORS,,,,,,,,,,,,,,,815,-804,-804,
192040,2020-05-24 11:35:35,2020-05-24,11:35:35,SENSORS,,,,,,,,,,,,,,,815,-804,-804,
192040,2020-05-24 11:40:35,2020-05-24,11:40:35,SENSORS,,,,,,,,,,,,,,,815,-804,-804,
192040,2020-05-24 11:45:35,2020-05-24,11:45:35,SENSORS,,,,,,,,,,,,,,,815,-804,-804,
192040,2020-05-24 11:50:35,2020-05-24,11:50:35,SENSORS,,,,,,,,,,,,,,,815,-804,-804,
192040,2020-05-24 11:55:35,2020-05-24,11:55:35,SENSORS,,,,,,,,,,,,,,,815,-804,-804,
192040,2020-05-24 12:00:35,2020-05-24,12:00:35,SENSORS,,,,,,,,,,,,,,,815,-804,-804,
192040,2020-05-24 12:05:35,2020-05-24,12:05:35,SENSORS,,,,,,,,,,,,,,,815,-804,-804,
192040,2020-05-24 12:10:35,2020-05-24,12:10:35,SENSORS,,,,,,,,,,,,,,,815,-804,-804,
192040,2020-05-24 12:15:35,2020-05-24,12:15:35,SENSORS,,,,,,,,,,,,,,,815,-804,-804,
192040,2020-05-24 12:20:35,2020-05-24,12:20:35,SENSORS,,,,,,,,,,,,,,,815,-804,-804,
192040,2020-05-24 12:25:35,2020-05-24,12:25:35,SENSORS,,,,,,,,,,,,,,,815,-804,-804,
192040,2020-05-24 12:30:35,2020-05-24,12:30:35,SENSORS,,,,,,,,,,,,,,,815,-804,-804,
192040,2020-05-24 12:35:35,2020-05-24,12:35:35,SENSORS,,,,,,,,,,,,,,,815,-804,-804,
192040,2020-05-24 12:40:35,2020-05-24,12:40:35,SENSORS,,,,,,,,,,,,,,,815,-804,-804,
192040,2020-05-24 12:45:35,2020-05-24,12:45:35,SENSORS,,,,,,,,,,,,,,,815,-804,-804,
192040,2020-05-24 12:50:35,2020-05-24,12:50:35,SENSORS,,,,,,,,,,,,,,,815,-804,-804,
192040,2020-05-24 12:55:35,2020-05-24,12:55:35,SENSORS,,,,,,,,,,,,,,,815,-804,-804,
192040,2020-05-24 13:00:35,2020-05-24,13:00:35,SENSORS,,,,,,,,,,,,,,,815,-804,-804,
192040,2020-05-24 13:05:35,2020-05-24,13:05:35,SENSORS,,,,,,,,,,,,,,,815,-804,-804,
192040,2020-05-24 13:10:35,2020-05-24,13:10:35,SENSORS,,,,,,,,,,,,,,,815,-804,-804,
192040,2020-05-24 13:15:35,2020-05-24,13:15:35,SENSORS,,,,,,,,,,,,,,,815,-804,-804,
192040,2020-05-24 13:20:35,2020-05-24,13:20:35,SENSORS,,,,,,,,,,,,,,,815,-804,-804,
192040,2020-05-24 13:25:35,2020-05-24,13:25:35,SENSORS,,,,,,,,,,,,,,,815,-804,-804,
192040,2020-05-24 13:30:35,2020-05-24,13:30:35,SENSORS,,,,,,,,,,,,,,,815,-804,-804,
192040,2020-05-24 13:35:35,2020-05-24,13:35:35,SENSORS,,,,,,,,,,,,,,,815,-804,-804,
192040,2020-05-24 13:40:35,2020-05-24,13:40:35,SENSORS,,,,,,,,,,,,,,,815,-804,-804,
192040,2020-05-24 13:45:35,2020-05-24,13:45:35,SENSORS,,,,,,,,,,,,,,,815,-804,-804,
192040,2020-05-24 13:50:35,2020-05-24,13:50:35,SENSORS,,,,,,,,,,,,,,,815,-804,-804,
192040,2020-05-24 13:55:35,2020-05-24,13:55:35,SENSORS,,,,,,,,,,,,,,,815,-804,-804,
192040,2020-05-24 13:57:40,2020-05-24,13:57:40,GPS,0,3751,22,6,0.0,0.000000000000000,0.000000000000000,0,0,0,21,710,-742,-753,565,-46,778,
192040,2020-05-24 14:00:35,2020-05-24,14:00:35,SENSORS,,,,,,,,,,,,,,,815,-804,-804,
192040,2020-05-24 14:05:35,2020-05-24,14:05:35,SENSORS,,,,,,,,,,,,,,,815,-804,-804,
192040,2020-05-24 14:10:35,2020-05-24,14:10:35,SENSORS,,,,,,,,,,,,,,,815,-804,-804,
192040,2020-05-24 14:15:35,2020-05-24,14:15:35,SENSORS,,,,,,,,,,,,,,,815,-804,-804,
192040,2020-05-24 14:20:35,2020-05-24,14:20:35,SENSORS,,,,,,,,,,,,,,,815,-804,-804,
192040,2020-05-24 14:25:35,2020-05-24,14:25:35,SENSORS,,,,,,,,,,,,,,,815,-804,-804,
192040,2020-05-24 14:30:35,2020-05-24,14:30:35,SENSORS,,,,,,,,,,,,,,,815,-804,-804,
192040,2020-05-24 14:35:35,2020-05-24,14:35:35,SENSORS,,,,,,,,,,,,,,,815,-804,-804,
